"No.","Time","Source","Destination","Protocol","Length","Info"
"1","0.000000000","10.0.2.15","52.223.2.229","TLSv1.2","93","Application Data"
"2","0.000760378","52.223.2.229","10.0.2.15","TCP","60","443  >  58034 [ACK] Seq=1 Ack=40 Win=65535 Len=0"
"3","0.059262758","52.223.2.229","10.0.2.15","TLSv1.2","93","Application Data"
"4","0.059310187","10.0.2.15","52.223.2.229","TCP","54","58034  >  443 [ACK] Seq=40 Ack=40 Win=31064 Len=0"
"5","0.378066578","10.0.2.15","23.48.226.59","TCP","54","53346  >  443 [ACK] Seq=1 Ack=1 Win=31240 Len=0"
"6","0.379095489","23.48.226.59","10.0.2.15","TCP","60","[TCP ACKed unseen segment] 443  >  53346 [ACK] Seq=1 Ack=2 Win=65535 Len=0"
"7","1.913758655","10.0.2.15","151.101.157.44","TCP","54","33042  >  80 [ACK] Seq=1 Ack=1 Win=31240 Len=0"
"8","1.915751480","151.101.157.44","10.0.2.15","TCP","60","[TCP ACKed unseen segment] 80  >  33042 [ACK] Seq=1 Ack=2 Win=65535 Len=0"
"9","3.001482335","10.0.2.15","104.18.38.76","TLSv1.2","93","Application Data"
"10","3.003254388","104.18.38.76","10.0.2.15","TCP","60","443  >  37554 [ACK] Seq=1 Ack=40 Win=65535 Len=0"
"11","3.029428825","104.18.38.76","10.0.2.15","TLSv1.2","93","Application Data"
"12","3.029481265","10.0.2.15","104.18.38.76","TCP","54","37554  >  443 [ACK] Seq=40 Ack=40 Win=31240 Len=0"
"13","3.193676904","10.0.2.15","152.195.38.76","TCP","54","55404  >  80 [ACK] Seq=1 Ack=1 Win=31691 Len=0"
"14","3.195483150","152.195.38.76","10.0.2.15","TCP","60","[TCP ACKed unseen segment] 80  >  55404 [ACK] Seq=1 Ack=2 Win=65535 Len=0"
"15","4.002839528","10.0.2.15","13.33.146.21","TLSv1.2","93","Application Data"
"16","4.004866693","13.33.146.21","10.0.2.15","TCP","60","443  >  37614 [ACK] Seq=1 Ack=40 Win=65535 Len=0"
"17","4.029919729","13.33.146.21","10.0.2.15","TLSv1.2","93","Application Data"
"18","4.030027739","10.0.2.15","13.33.146.21","TCP","54","37614  >  443 [ACK] Seq=40 Ack=40 Win=31064 Len=0"
"19","4.824668564","10.0.2.15","13.228.126.19","TLSv1.2","93","Application Data"
"20","4.826178649","13.228.126.19","10.0.2.15","TCP","60","443  >  44994 [ACK] Seq=1 Ack=40 Win=65535 Len=0"
"21","4.829480450","10.0.2.15","151.101.157.44","TCP","54","[TCP Previous segment not captured] 33042  >  80 [FIN, ACK] Seq=2 Ack=1 Win=31240 Len=0"
"22","4.830615961","151.101.157.44","10.0.2.15","TCP","60","80  >  33042 [ACK] Seq=1 Ack=3 Win=65535 Len=0"
"23","4.831499035","10.0.2.15","13.228.126.19","TLSv1.2","78","Application Data"
"24","4.831672699","10.0.2.15","13.228.126.19","TCP","54","44994  >  443 [FIN, ACK] Seq=64 Ack=1 Win=31240 Len=0"
"25","4.832577976","13.228.126.19","10.0.2.15","TCP","60","443  >  44994 [ACK] Seq=1 Ack=64 Win=65535 Len=0"
"26","4.832578472","13.228.126.19","10.0.2.15","TCP","60","443  >  44994 [ACK] Seq=1 Ack=65 Win=65535 Len=0"
"27","4.852935214","151.101.157.44","10.0.2.15","TCP","60","80  >  33042 [FIN, ACK] Seq=1 Ack=3 Win=65535 Len=0"
"28","4.852978476","10.0.2.15","151.101.157.44","TCP","54","33042  >  80 [ACK] Seq=3 Ack=2 Win=31240 Len=0"
"29","4.886322982","13.228.126.19","10.0.2.15","TLSv1.2","78","Application Data"
"30","4.886324091","13.228.126.19","10.0.2.15","TCP","60","443  >  44994 [FIN, ACK] Seq=25 Ack=65 Win=65535 Len=0"
"31","4.886389524","10.0.2.15","13.228.126.19","TCP","54","44994  >  443 [RST] Seq=65 Win=0 Len=0"
"32","4.886635037","10.0.2.15","13.228.126.19","TCP","54","44994  >  443 [RST] Seq=65 Win=0 Len=0"
"33","4.887302404","13.228.126.19","10.0.2.15","TCP","60","443  >  44994 [RST, ACK] Seq=3937708563 Ack=65 Win=0 Len=0"
"34","5.827169865","10.0.2.15","152.195.38.76","TCP","54","[TCP Previous segment not captured] 55404  >  80 [FIN, ACK] Seq=2 Ack=1 Win=31691 Len=0"
"35","5.829146280","152.195.38.76","10.0.2.15","TCP","60","80  >  55404 [ACK] Seq=1 Ack=3 Win=65535 Len=0"
"36","5.855480150","152.195.38.76","10.0.2.15","TCP","60","80  >  55404 [FIN, ACK] Seq=1 Ack=3 Win=65535 Len=0"
"37","5.855556265","10.0.2.15","152.195.38.76","TCP","54","55404  >  80 [ACK] Seq=3 Ack=2 Win=31691 Len=0"
"38","7.004832334","10.0.2.15","151.101.157.44","TLSv1.2","93","Application Data"
"39","7.006221755","151.101.157.44","10.0.2.15","TCP","60","443  >  42620 [ACK] Seq=1 Ack=40 Win=65535 Len=0"
"40","7.028394475","151.101.157.44","10.0.2.15","TLSv1.2","93","Application Data"
"41","7.028451339","10.0.2.15","151.101.157.44","TCP","54","42620  >  443 [ACK] Seq=40 Ack=40 Win=31240 Len=0"
"42","7.545813000","10.0.2.15","23.48.226.75","TCP","54","55886  >  80 [ACK] Seq=1 Ack=1 Win=31231 Len=0"
"43","7.546485588","23.48.226.75","10.0.2.15","TCP","60","[TCP ACKed unseen segment] 80  >  55886 [ACK] Seq=1 Ack=2 Win=65535 Len=0"
"44","7.827243607","10.0.2.15","104.18.36.155","TLSv1.2","93","Application Data"
"45","7.828576897","104.18.36.155","10.0.2.15","TCP","60","443  >  57900 [ACK] Seq=1 Ack=40 Win=65535 Len=0"
"46","7.828883495","10.0.2.15","104.18.36.155","TLSv1.2","78","Application Data"
"47","7.829101864","10.0.2.15","104.18.36.155","TCP","54","57900  >  443 [FIN, ACK] Seq=64 Ack=1 Win=31064 Len=0"
"48","7.832421999","104.18.36.155","10.0.2.15","TCP","60","443  >  57900 [ACK] Seq=1 Ack=64 Win=65535 Len=0"
"49","7.832422471","104.18.36.155","10.0.2.15","TCP","60","443  >  57900 [ACK] Seq=1 Ack=65 Win=65535 Len=0"
"50","7.854631982","104.18.36.155","10.0.2.15","TCP","60","443  >  57900 [FIN, ACK] Seq=1 Ack=65 Win=65535 Len=0"
"51","7.854663433","10.0.2.15","104.18.36.155","TCP","54","57900  >  443 [ACK] Seq=65 Ack=2 Win=31064 Len=0"
"52","9.553749089","10.0.2.15","192.168.1.1","DNS","74","Standard query 0x0452 A mail.yahoo.com"
"53","9.553945152","10.0.2.15","192.168.1.1","DNS","74","Standard query 0xc750 AAAA mail.yahoo.com"
"54","9.564050529","192.168.1.1","10.0.2.15","DNS","177","Standard query response 0x0452 A mail.yahoo.com CNAME edge.gycpi.b.yahoodns.net A 27.123.42.204 A 27.123.43.205 A 27.123.43.204 A 27.123.42.205"
"55","9.565059375","192.168.1.1","10.0.2.15","DNS","225","Standard query response 0xc750 AAAA mail.yahoo.com CNAME edge.gycpi.b.yahoodns.net AAAA 2406:8600:f040:1fa::3000 AAAA 2406:8600:f03f:1fa::2000 AAAA 2406:8600:f040:1fa::2000 AAAA 2406:8600:f03f:1fa::3000"
"56","9.566205682","10.0.2.15","27.123.42.204","TCP","74","41726  >  443 [SYN] Seq=0 Win=32120 Len=0 MSS=1460 SACK_PERM TSval=18434352 TSecr=0 WS=128"
"57","9.604675202","27.123.42.204","10.0.2.15","TCP","60","443  >  41726 [SYN, ACK] Seq=0 Ack=1 Win=65535 Len=0 MSS=1460"
"58","9.604728408","10.0.2.15","27.123.42.204","TCP","54","41726  >  443 [ACK] Seq=1 Ack=1 Win=32120 Len=0"
"59","9.607884099","10.0.2.15","27.123.42.204","TLSv1.3","571","Client Hello (SNI=mail.yahoo.com)"
"60","9.608478401","27.123.42.204","10.0.2.15","TCP","60","443  >  41726 [ACK] Seq=1 Ack=518 Win=65535 Len=0"
"61","9.643009530","27.123.42.204","10.0.2.15","TLSv1.3","1466","Server Hello, Change Cipher Spec, Application Data"
"62","9.643085342","10.0.2.15","27.123.42.204","TCP","54","41726  >  443 [ACK] Seq=518 Ack=1413 Win=31064 Len=0"
"63","9.647416354","27.123.42.204","10.0.2.15","TLSv1.3","3953","Application Data, Application Data, Application Data"
"64","9.647489846","10.0.2.15","27.123.42.204","TCP","54","41726  >  443 [ACK] Seq=518 Ack=5312 Win=31064 Len=0"
"65","9.665523777","10.0.2.15","27.123.42.204","TLSv1.3","118","Change Cipher Spec, Application Data"
"66","9.666994083","27.123.42.204","10.0.2.15","TCP","60","443  >  41726 [ACK] Seq=5312 Ack=582 Win=65535 Len=0"
"67","9.668760152","10.0.2.15","27.123.42.204","TLSv1.3","224","Application Data"
"68","9.669066416","10.0.2.15","27.123.42.204","TLSv1.3","397","Application Data"
"69","9.669393735","27.123.42.204","10.0.2.15","TCP","60","443  >  41726 [ACK] Seq=5312 Ack=752 Win=65535 Len=0"
"70","9.669394219","27.123.42.204","10.0.2.15","TCP","60","443  >  41726 [ACK] Seq=5312 Ack=1095 Win=65535 Len=0"
"71","9.707349964","27.123.42.204","10.0.2.15","TLSv1.3","684","Application Data, Application Data, Application Data"
"72","9.709413947","27.123.42.204","10.0.2.15","TLSv1.3","85","Application Data"
"73","9.710029721","10.0.2.15","27.123.42.204","TLSv1.3","85","Application Data"
"74","9.711533662","27.123.42.204","10.0.2.15","TCP","60","443  >  41726 [ACK] Seq=5973 Ack=1126 Win=65535 Len=0"
"75","9.768973381","27.123.42.204","10.0.2.15","TLSv1.3","3445","Application Data, Application Data, Application Data"
"76","9.769042057","10.0.2.15","27.123.42.204","TCP","54","41726  >  443 [ACK] Seq=1126 Ack=9364 Win=31064 Len=0"
"77","9.786637912","10.0.2.15","192.168.1.1","DNS","75","Standard query 0x3386 A login.yahoo.com"
"78","9.786917810","10.0.2.15","192.168.1.1","DNS","75","Standard query 0x3881 AAAA login.yahoo.com"
"79","9.797333306","192.168.1.1","10.0.2.15","DNS","135","Standard query response 0x3386 A login.yahoo.com CNAME ds-ats.member.g02.yahoodns.net A 106.10.248.157"
"80","9.799071381","192.168.1.1","10.0.2.15","DNS","147","Standard query response 0x3881 AAAA login.yahoo.com CNAME ds-ats.member.g02.yahoodns.net AAAA 2406:2000:e4:1504::2000"
"81","9.800965003","10.0.2.15","106.10.248.157","TCP","74","48204  >  443 [SYN] Seq=0 Win=32120 Len=0 MSS=1460 SACK_PERM TSval=1063009751 TSecr=0 WS=128"
"82","9.833643087","10.0.2.15","35.244.159.8","TLSv1.2","93","Application Data"
"83","9.834443369","10.0.2.15","142.250.195.98","TLSv1.2","93","Application Data"
"84","9.834977941","35.244.159.8","10.0.2.15","TCP","60","443  >  53872 [ACK] Seq=1 Ack=40 Win=65535 Len=0"
"85","9.834978468","142.250.195.98","10.0.2.15","TCP","60","443  >  52278 [ACK] Seq=1 Ack=40 Win=65535 Len=0"
"86","9.835375414","10.0.2.15","142.250.195.98","TLSv1.2","78","Application Data"
"87","9.835541628","10.0.2.15","142.250.195.98","TCP","54","52278  >  443 [FIN, ACK] Seq=64 Ack=1 Win=31240 Len=0"
"88","9.836153468","10.0.2.15","35.244.159.8","TLSv1.2","78","Application Data"
"89","9.836328234","10.0.2.15","35.244.159.8","TCP","54","53872  >  443 [FIN, ACK] Seq=64 Ack=1 Win=31644 Len=0"
"90","9.837195771","142.250.195.98","10.0.2.15","TCP","60","443  >  52278 [ACK] Seq=1 Ack=64 Win=65535 Len=0"
"91","9.837196270","142.250.195.98","10.0.2.15","TCP","60","443  >  52278 [ACK] Seq=1 Ack=65 Win=65535 Len=0"
"92","9.837458694","35.244.159.8","10.0.2.15","TCP","60","443  >  53872 [ACK] Seq=1 Ack=64 Win=65535 Len=0"
"93","9.837459016","35.244.159.8","10.0.2.15","TCP","60","443  >  53872 [ACK] Seq=1 Ack=65 Win=65535 Len=0"
"94","9.859473313","106.10.248.157","10.0.2.15","TCP","60","443  >  48204 [SYN, ACK] Seq=0 Ack=1 Win=65535 Len=0 MSS=1460"
"95","9.859558148","10.0.2.15","106.10.248.157","TCP","54","48204  >  443 [ACK] Seq=1 Ack=1 Win=32120 Len=0"
"96","9.863695093","35.244.159.8","10.0.2.15","TCP","60","443  >  53872 [FIN, ACK] Seq=1 Ack=65 Win=65535 Len=0"
"97","9.863696287","142.250.195.98","10.0.2.15","TCP","60","443  >  52278 [FIN, ACK] Seq=1 Ack=65 Win=65535 Len=0"
"98","9.863798357","10.0.2.15","35.244.159.8","TCP","54","53872  >  443 [ACK] Seq=65 Ack=2 Win=31644 Len=0"
"99","9.863891760","10.0.2.15","142.250.195.98","TCP","54","52278  >  443 [ACK] Seq=65 Ack=2 Win=31240 Len=0"
"100","9.869495537","10.0.2.15","106.10.248.157","TLSv1.3","571","Client Hello (SNI=login.yahoo.com)"
"101","9.871035591","106.10.248.157","10.0.2.15","TCP","60","443  >  48204 [ACK] Seq=1 Ack=518 Win=65535 Len=0"
"102","9.929592049","106.10.248.157","10.0.2.15","TLSv1.3","2878","Server Hello, Change Cipher Spec, Application Data"
"103","9.929813879","10.0.2.15","106.10.248.157","TCP","54","48204  >  443 [ACK] Seq=518 Ack=2825 Win=31240 Len=0"
"104","9.935098279","106.10.248.157","10.0.2.15","TLSv1.3","2106","Application Data, Application Data, Application Data"
"105","9.935152088","10.0.2.15","106.10.248.157","TCP","54","48204  >  443 [ACK] Seq=518 Ack=4877 Win=31240 Len=0"
"106","9.951398436","10.0.2.15","106.10.248.157","TLSv1.3","118","Change Cipher Spec, Application Data"
"107","9.953105299","106.10.248.157","10.0.2.15","TCP","60","443  >  48204 [ACK] Seq=4877 Ack=582 Win=65535 Len=0"
"108","9.955955384","10.0.2.15","106.10.248.157","TLSv1.3","224","Application Data"
"109","9.956328925","10.0.2.15","106.10.248.157","TLSv1.3","477","Application Data"
"110","9.958762593","106.10.248.157","10.0.2.15","TCP","60","443  >  48204 [ACK] Seq=4877 Ack=752 Win=65535 Len=0"
"111","9.958763277","106.10.248.157","10.0.2.15","TCP","60","443  >  48204 [ACK] Seq=4877 Ack=1175 Win=65535 Len=0"
"112","10.014788831","106.10.248.157","10.0.2.15","TLSv1.3","671","Application Data, Application Data, Application Data"
"113","10.017441268","106.10.248.157","10.0.2.15","TLSv1.3","85","Application Data"
"114","10.021965888","10.0.2.15","106.10.248.157","TLSv1.3","85","Application Data"
"115","10.024166352","106.10.248.157","10.0.2.15","TCP","60","443  >  48204 [ACK] Seq=5525 Ack=1206 Win=65535 Len=0"
"116","10.089389550","106.10.248.157","10.0.2.15","TCP","7154","443  >  48204 [ACK] Seq=5525 Ack=1206 Win=65535 Len=7100 [TCP segment of a reassembled PDU]"
"117","10.089455608","10.0.2.15","106.10.248.157","TCP","54","48204  >  443 [ACK] Seq=1206 Ack=12625 Win=31240 Len=0"
"118","10.089855600","106.10.248.157","10.0.2.15","TCP","1426","443  >  48204 [PSH, ACK] Seq=12625 Ack=1206 Win=65535 Len=1372 [TCP segment of a reassembled PDU]"
"119","10.091788444","106.10.248.157","10.0.2.15","TLSv1.3","4875","Application Data"
"120","10.091822549","10.0.2.15","106.10.248.157","TCP","54","48204  >  443 [ACK] Seq=1206 Ack=18818 Win=31240 Len=0"
"121","10.146725612","106.10.248.157","10.0.2.15","TLSv1.3","85","Application Data"
"122","10.149920126","10.0.2.15","192.168.1.1","DNS","70","Standard query 0x7e3e A s.yimg.com"
"123","10.150031715","10.0.2.15","192.168.1.1","DNS","70","Standard query 0x2a23 AAAA s.yimg.com"
"124","10.160247342","192.168.1.1","10.0.2.15","DNS","173","Standard query response 0x7e3e A s.yimg.com CNAME edge.gycpi.b.yahoodns.net A 27.123.42.204 A 27.123.43.205 A 27.123.43.204 A 27.123.42.205"
"125","10.162192169","192.168.1.1","10.0.2.15","DNS","221","Standard query response 0x2a23 AAAA s.yimg.com CNAME edge.gycpi.b.yahoodns.net AAAA 2406:8600:f040:1fa::3000 AAAA 2406:8600:f03f:1fa::2000 AAAA 2406:8600:f040:1fa::2000 AAAA 2406:8600:f03f:1fa::3000"
"126","10.163067126","10.0.2.15","27.123.42.204","TLSv1.3","222","Application Data"
"127","10.163323784","10.0.2.15","27.123.42.204","TLSv1.3","146","Application Data"
"128","10.163518723","27.123.42.204","10.0.2.15","TCP","60","443  >  41726 [ACK] Seq=9364 Ack=1294 Win=65535 Len=0"
"129","10.163519016","27.123.42.204","10.0.2.15","TCP","60","443  >  41726 [ACK] Seq=9364 Ack=1386 Win=65535 Len=0"
"130","10.163693864","10.0.2.15","27.123.42.204","TLSv1.3","189","Application Data"
"131","10.163815979","10.0.2.15","27.123.42.204","TCP","74","41732  >  443 [SYN] Seq=0 Win=32120 Len=0 MSS=1460 SACK_PERM TSval=18434950 TSecr=0 WS=128"
"132","10.164008924","10.0.2.15","27.123.42.204","TCP","74","41740  >  443 [SYN] Seq=0 Win=32120 Len=0 MSS=1460 SACK_PERM TSval=18434950 TSecr=0 WS=128"
"133","10.164171783","10.0.2.15","27.123.42.204","TCP","74","41752  >  443 [SYN] Seq=0 Win=32120 Len=0 MSS=1460 SACK_PERM TSval=18434950 TSecr=0 WS=128"
"134","10.164317801","10.0.2.15","27.123.42.204","TCP","74","41760  >  443 [SYN] Seq=0 Win=32120 Len=0 MSS=1460 SACK_PERM TSval=18434950 TSecr=0 WS=128"
"135","10.164565750","27.123.42.204","10.0.2.15","TCP","60","443  >  41726 [ACK] Seq=9364 Ack=1521 Win=65535 Len=0"
"136","10.164947132","10.0.2.15","27.123.42.204","TLSv1.3","162","Application Data"
"137","10.165995849","27.123.42.204","10.0.2.15","TCP","60","443  >  41726 [ACK] Seq=9364 Ack=1629 Win=65535 Len=0"
"138","10.173622370","10.0.2.15","27.123.42.204","TLSv1.3","162","Application Data"
"139","10.174422188","27.123.42.204","10.0.2.15","TCP","60","443  >  41726 [ACK] Seq=9364 Ack=1737 Win=65535 Len=0"
"140","10.174970450","10.0.2.15","192.168.1.1","DNS","80","Standard query 0x4b07 A consent.cmp.oath.com"
"141","10.175060955","10.0.2.15","192.168.1.1","DNS","80","Standard query 0x020b AAAA consent.cmp.oath.com"
"142","10.175488657","10.0.2.15","192.168.1.1","DNS","84","Standard query 0xa438 A opus.analytics.yahoo.com"
"143","10.175732660","10.0.2.15","192.168.1.1","DNS","84","Standard query 0xb13e AAAA opus.analytics.yahoo.com"
"144","10.186268530","192.168.1.1","10.0.2.15","DNS","169","Standard query response 0xa438 A opus.analytics.yahoo.com CNAME cs964.wpc.9465e.mucdn.net CNAME cs964199420.wpc.mucdn.net A 152.199.40.143"
"145","10.186268883","192.168.1.1","10.0.2.15","DNS","136","Standard query response 0x4b07 A consent.cmp.oath.com CNAME cs550162656.adn.psicdn.net A 152.195.57.116"
"146","10.187327736","192.168.1.1","10.0.2.15","DNS","206","Standard query response 0xb13e AAAA opus.analytics.yahoo.com CNAME cs964.wpc.9465e.mucdn.net CNAME cs964199420.wpc.mucdn.net SOA ns1.mucdn.net"
"147","10.187328035","192.168.1.1","10.0.2.15","DNS","148","Standard query response 0x020b AAAA consent.cmp.oath.com CNAME cs550162656.adn.psicdn.net AAAA 2606:2800:149:21d9:219c:1dad:21d9:24d4"
"148","10.187892460","10.0.2.15","152.199.40.143","TCP","74","40904  >  443 [SYN] Seq=0 Win=32120 Len=0 MSS=1460 SACK_PERM TSval=1114725929 TSecr=0 WS=128"
"149","10.188294440","10.0.2.15","152.195.57.116","TCP","74","37426  >  443 [SYN] Seq=0 Win=32120 Len=0 MSS=1460 SACK_PERM TSval=3330827837 TSecr=0 WS=128"
"150","10.189835047","10.0.2.15","106.10.248.157","TCP","54","48204  >  443 [ACK] Seq=1206 Ack=18849 Win=31240 Len=0"
"151","10.197356824","27.123.42.204","10.0.2.15","TCP","60","443  >  41732 [SYN, ACK] Seq=0 Ack=1 Win=65535 Len=0 MSS=1460"
"152","10.197416597","10.0.2.15","27.123.42.204","TCP","54","41732  >  443 [ACK] Seq=1 Ack=1 Win=32120 Len=0"
"153","10.200036906","27.123.42.204","10.0.2.15","TCP","60","443  >  41752 [SYN, ACK] Seq=0 Ack=1 Win=65535 Len=0 MSS=1460"
"154","10.200037767","27.123.42.204","10.0.2.15","TCP","60","443  >  41740 [SYN, ACK] Seq=0 Ack=1 Win=65535 Len=0 MSS=1460"
"155","10.200089688","10.0.2.15","27.123.42.204","TCP","54","41752  >  443 [ACK] Seq=1 Ack=1 Win=32120 Len=0"
"156","10.200168568","10.0.2.15","27.123.42.204","TCP","54","41740  >  443 [ACK] Seq=1 Ack=1 Win=32120 Len=0"
"157","10.203356098","27.123.42.204","10.0.2.15","TCP","60","443  >  41760 [SYN, ACK] Seq=0 Ack=1 Win=65535 Len=0 MSS=1460"
"158","10.207482946","10.0.2.15","27.123.42.204","TCP","54","41760  >  443 [ACK] Seq=1 Ack=1 Win=32120 Len=0"
"159","10.207732970","27.123.42.204","10.0.2.15","TLSv1.3","2698","Application Data, Application Data"
"160","10.207757698","10.0.2.15","27.123.42.204","TCP","54","41726  >  443 [ACK] Seq=1737 Ack=12008 Win=31064 Len=0"
"161","10.208666224","10.0.2.15","27.123.42.204","TLSv1.3","571","Client Hello (SNI=s.yimg.com)"
"162","10.212461838","27.123.42.204","10.0.2.15","TCP","60","443  >  41732 [ACK] Seq=1 Ack=518 Win=65535 Len=0"
"163","10.212462116","27.123.42.204","10.0.2.15","TLSv1.3","9994","Application Data, Application Data, Application Data, Application Data, Application Data, Application Data, Application Data"
"164","10.212518423","10.0.2.15","27.123.42.204","TCP","54","41726  >  443 [ACK] Seq=1737 Ack=21948 Win=31064 Len=0"
"165","10.213063009","27.123.42.204","10.0.2.15","TLSv1.3","1230","Application Data"
"166","10.215858585","152.195.57.116","10.0.2.15","TCP","60","443  >  37426 [SYN, ACK] Seq=0 Ack=1 Win=65535 Len=0 MSS=1460"
"167","10.215858880","152.199.40.143","10.0.2.15","TCP","60","443  >  40904 [SYN, ACK] Seq=0 Ack=1 Win=65535 Len=0 MSS=1460"
"168","10.215888253","10.0.2.15","152.195.57.116","TCP","54","37426  >  443 [ACK] Seq=1 Ack=1 Win=32120 Len=0"
"169","10.215933369","10.0.2.15","152.199.40.143","TCP","54","40904  >  443 [ACK] Seq=1 Ack=1 Win=32120 Len=0"
"170","10.223179221","10.0.2.15","27.123.42.204","TLSv1.3","571","Client Hello (SNI=s.yimg.com)"
"171","10.223966464","27.123.42.204","10.0.2.15","TCP","60","443  >  41760 [ACK] Seq=1 Ack=518 Win=65535 Len=0"
"172","10.227172332","10.0.2.15","27.123.42.204","TLSv1.3","571","Client Hello (SNI=s.yimg.com)"
"173","10.227797064","27.123.42.204","10.0.2.15","TCP","60","443  >  41752 [ACK] Seq=1 Ack=518 Win=65535 Len=0"
"174","10.230220057","10.0.2.15","27.123.42.204","TLSv1.3","571","Client Hello (SNI=s.yimg.com)"
"175","10.230761727","27.123.42.204","10.0.2.15","TCP","60","443  >  41740 [ACK] Seq=1 Ack=518 Win=65535 Len=0"
"176","10.233729003","10.0.2.15","152.199.40.143","TLSv1.3","571","Client Hello (SNI=opus.analytics.yahoo.com)"
"177","10.234739435","152.199.40.143","10.0.2.15","TCP","60","443  >  40904 [ACK] Seq=1 Ack=518 Win=65535 Len=0"
"178","10.239428286","10.0.2.15","152.195.57.116","TLSv1.3","571","Client Hello (SNI=consent.cmp.oath.com)"
"179","10.240076401","152.195.57.116","10.0.2.15","TCP","60","443  >  37426 [ACK] Seq=1 Ack=518 Win=65535 Len=0"
"180","10.241722831","27.123.42.204","10.0.2.15","TLSv1.3","2878","Application Data, Application Data"
"181","10.241751302","10.0.2.15","27.123.42.204","TCP","54","41726  >  443 [ACK] Seq=1737 Ack=25948 Win=31064 Len=0"
"182","10.244583296","27.123.42.204","10.0.2.15","TLSv1.3","2878","Server Hello, Change Cipher Spec, Application Data"
"183","10.244583879","27.123.42.204","10.0.2.15","TLSv1.3","2878","Application Data, Application Data"
"184","10.244625215","10.0.2.15","27.123.42.204","TCP","54","41732  >  443 [ACK] Seq=518 Ack=2825 Win=31240 Len=0"
"185","10.244673540","10.0.2.15","27.123.42.204","TCP","54","41726  >  443 [ACK] Seq=1737 Ack=28772 Win=31064 Len=0"
"186","10.246964840","27.123.42.204","10.0.2.15","TLSv1.3","2540","Application Data, Application Data, Application Data"
"187","10.246991878","10.0.2.15","27.123.42.204","TCP","54","41732  >  443 [ACK] Seq=518 Ack=5311 Win=31240 Len=0"
"188","10.248173243","27.123.42.204","10.0.2.15","TLSv1.3","2878","Application Data, Application Data"
"189","10.248209293","10.0.2.15","27.123.42.204","TCP","54","41726  >  443 [ACK] Seq=1737 Ack=31596 Win=31064 Len=0"
"190","10.257378695","10.0.2.15","27.123.42.204","TLSv1.3","118","Change Cipher Spec, Application Data"
"191","10.258161206","27.123.42.204","10.0.2.15","TCP","60","443  >  41732 [ACK] Seq=5311 Ack=582 Win=65535 Len=0"
"192","10.258379420","10.0.2.15","27.123.42.204","TLSv1.3","241","Application Data"
"193","10.258878021","27.123.42.204","10.0.2.15","TLSv1.3","11350","Application Data, Application Data, Application Data, Application Data, Application Data, Application Data, Application Data, Application Data, Application Data"
"194","10.258891414","10.0.2.15","27.123.42.204","TCP","54","41726  >  443 [ACK] Seq=1737 Ack=42892 Win=31064 Len=0"
"195","10.259344667","27.123.42.204","10.0.2.15","TCP","60","443  >  41732 [ACK] Seq=5311 Ack=769 Win=65535 Len=0"
"196","10.263772432","27.123.42.204","10.0.2.15","TLSv1.3","8526","Application Data, Application Data, Application Data, Application Data, Application Data, Application Data"
"197","10.263772738","27.123.42.204","10.0.2.15","TLSv1.3","2894","Server Hello, Change Cipher Spec, Application Data"
"198","10.263826708","10.0.2.15","27.123.42.204","TCP","54","41726  >  443 [ACK] Seq=1737 Ack=51364 Win=48280 Len=0"
"199","10.263897924","10.0.2.15","27.123.42.204","TCP","54","41760  >  443 [ACK] Seq=518 Ack=2841 Win=31240 Len=0"
"200","10.264283259","27.123.42.204","10.0.2.15","TLSv1.3","2525","Application Data, Application Data, Application Data"
"201","10.264298663","10.0.2.15","27.123.42.204","TCP","54","41760  >  443 [ACK] Seq=518 Ack=5312 Win=31240 Len=0"
"202","10.266231060","152.199.40.143","10.0.2.15","TLSv1.3","2894","Server Hello, Change Cipher Spec, Application Data"
"203","10.266252670","10.0.2.15","152.199.40.143","TCP","54","40904  >  443 [ACK] Seq=518 Ack=2841 Win=31240 Len=0"
"204","10.266552619","27.123.42.204","10.0.2.15","TLSv1.3","2894","Server Hello, Change Cipher Spec, Application Data"
"205","10.266571948","10.0.2.15","27.123.42.204","TCP","54","41752  >  443 [ACK] Seq=518 Ack=2841 Win=31240 Len=0"
"206","10.267096498","152.199.40.143","10.0.2.15","TLSv1.3","1289","Application Data, Application Data, Application Data"
"207","10.267096927","27.123.42.204","10.0.2.15","TLSv1.3","2524","Application Data, Application Data, Application Data"
"208","10.267124411","10.0.2.15","152.199.40.143","TCP","54","40904  >  443 [ACK] Seq=518 Ack=4076 Win=31240 Len=0"
"209","10.267178234","10.0.2.15","27.123.42.204","TCP","54","41752  >  443 [ACK] Seq=518 Ack=5311 Win=31240 Len=0"
"210","10.268128394","152.195.57.116","10.0.2.15","TLSv1.3","1466","Server Hello, Change Cipher Spec, Application Data"
"211","10.268150102","10.0.2.15","152.195.57.116","TCP","54","37426  >  443 [ACK] Seq=518 Ack=1413 Win=31064 Len=0"
"212","10.274721646","152.195.57.116","10.0.2.15","TLSv1.3","2878","Application Data, Application Data, Application Data"
"213","10.274745732","10.0.2.15","152.195.57.116","TCP","54","37426  >  443 [ACK] Seq=518 Ack=4237 Win=31064 Len=0"
"214","10.277559193","27.123.42.204","10.0.2.15","TLSv1.3","2894","Server Hello, Change Cipher Spec, Application Data"
"215","10.277597867","10.0.2.15","27.123.42.204","TCP","54","41740  >  443 [ACK] Seq=518 Ack=2841 Win=31240 Len=0"
"216","10.278017676","27.123.42.204","10.0.2.15","TLSv1.3","2524","Application Data, Application Data, Application Data"
"217","10.278033558","10.0.2.15","27.123.42.204","TCP","54","41740  >  443 [ACK] Seq=518 Ack=5311 Win=31240 Len=0"
"218","10.283070089","27.123.42.204","10.0.2.15","TLSv1.3","9938","Application Data, Application Data, Application Data, Application Data, Application Data, Application Data, Application Data, Application Data"
"219","10.283103130","10.0.2.15","27.123.42.204","TCP","54","41726  >  443 [ACK] Seq=1737 Ack=61248 Win=65535 Len=0"
"220","10.307514697","27.123.42.204","10.0.2.15","TLSv1.3","2878","Application Data, Application Data"
"221","10.307548261","10.0.2.15","27.123.42.204","TCP","54","41726  >  443 [ACK] Seq=1737 Ack=64072 Win=65535 Len=0"
"222","10.316653665","27.123.42.204","10.0.2.15","TLSv1.3","8526","Application Data, Application Data, Application Data, Application Data, Application Data, Application Data"
"223","10.316691632","10.0.2.15","27.123.42.204","TCP","54","41726  >  443 [ACK] Seq=1737 Ack=72544 Win=65535 Len=0"
"224","10.331263084","27.123.42.204","10.0.2.15","TLSv1.3","12762","Application Data, Application Data, Application Data, Application Data, Application Data, Application Data, Application Data, Application Data, Application Data, Application Data"
"225","10.331302071","10.0.2.15","27.123.42.204","TCP","54","41726  >  443 [ACK] Seq=1737 Ack=85252 Win=65535 Len=0"
"226","10.338537918","27.123.42.204","10.0.2.15","TLSv1.3","18410","Application Data, Application Data, Application Data, Application Data, Application Data, Application Data, Application Data, Application Data, Application Data, Application Data, Application Data, Application Data, Application Data, Application Data"
"227","10.338568638","10.0.2.15","27.123.42.204","TCP","54","41726  >  443 [ACK] Seq=1737 Ack=103608 Win=65535 Len=0"
"228","10.340248671","27.123.42.204","10.0.2.15","TLSv1.3","2878","Application Data, Application Data"
"229","10.340284335","10.0.2.15","27.123.42.204","TCP","54","41726  >  443 [ACK] Seq=1737 Ack=106432 Win=65535 Len=0"
"230","10.341564638","27.123.42.204","10.0.2.15","TLSv1.3","708","Application Data, Application Data, Application Data, Application Data"
"231","10.341564987","27.123.42.204","10.0.2.15","TCP","60","443  >  41732 [FIN, ACK] Seq=5965 Ack=769 Win=65535 Len=0"
"232","10.341565107","27.123.42.204","10.0.2.15","TLSv1.3","4290","Application Data, Application Data, Application Data"
"233","10.341605643","10.0.2.15","27.123.42.204","TCP","54","41726  >  443 [ACK] Seq=1737 Ack=110668 Win=65535 Len=0"
"234","10.358657116","27.123.42.204","10.0.2.15","TLSv1.3","8526","Application Data, Application Data, Application Data, Application Data, Application Data, Application Data, Application Data"
"235","10.358689773","10.0.2.15","27.123.42.204","TCP","54","41726  >  443 [ACK] Seq=1737 Ack=119140 Win=65535 Len=0"
"236","10.362418776","27.123.42.204","10.0.2.15","TLSv1.3","1466","Application Data"
"237","10.363913546","27.123.42.204","10.0.2.15","TLSv1.3","14254","Application Data, Application Data, Application Data, Application Data, Application Data, Application Data, Application Data, Application Data, Application Data, Application Data"
"238","10.363946404","10.0.2.15","27.123.42.204","TCP","54","41726  >  443 [ACK] Seq=1737 Ack=134752 Win=65535 Len=0"
"239","10.364381774","27.123.42.204","10.0.2.15","TLSv1.3","2798","Application Data, Application Data"
"240","10.364403423","10.0.2.15","27.123.42.204","TCP","54","41726  >  443 [ACK] Seq=1737 Ack=137496 Win=65535 Len=0"
"241","10.372554749","27.123.42.204","10.0.2.15","TLSv1.3","12762","Application Data, Application Data, Application Data, Application Data, Application Data, Application Data, Application Data, Application Data, Application Data, Application Data"
"242","10.372593150","10.0.2.15","27.123.42.204","TCP","54","41726  >  443 [ACK] Seq=1737 Ack=150204 Win=65535 Len=0"
"243","10.382159355","10.0.2.15","27.123.42.204","TLSv1.3","78","Application Data"
"244","10.382402158","10.0.2.15","27.123.42.204","TCP","54","41732  >  443 [FIN, ACK] Seq=793 Ack=5966 Win=31240 Len=0"
"245","10.383391232","27.123.42.204","10.0.2.15","TCP","60","443  >  41732 [ACK] Seq=5966 Ack=793 Win=65535 Len=0"
"246","10.383392131","27.123.42.204","10.0.2.15","TCP","60","443  >  41732 [ACK] Seq=5966 Ack=794 Win=65535 Len=0"
"247","10.393527764","10.0.2.15","27.123.42.204","TLSv1.3","118","Change Cipher Spec, Application Data"
"248","10.394448171","27.123.42.204","10.0.2.15","TCP","60","443  >  41760 [ACK] Seq=5312 Ack=582 Win=65535 Len=0"
"249","10.400276799","10.0.2.15","27.123.42.204","TLSv1.3","118","Change Cipher Spec, Application Data"
"250","10.401526272","27.123.42.204","10.0.2.15","TCP","60","443  >  41752 [ACK] Seq=5311 Ack=582 Win=65535 Len=0"
"251","10.402833417","10.0.2.15","27.123.42.204","TLSv1.3","118","Change Cipher Spec, Application Data"
"252","10.403497653","10.0.2.15","152.199.40.143","TLSv1.3","134","Change Cipher Spec, Application Data"
"253","10.403902230","27.123.42.204","10.0.2.15","TCP","60","443  >  41740 [ACK] Seq=5311 Ack=582 Win=65535 Len=0"
"254","10.403974424","10.0.2.15","27.123.42.204","TLSv1.3","241","Application Data"
"255","10.404040843","152.199.40.143","10.0.2.15","TCP","60","443  >  40904 [ACK] Seq=4076 Ack=598 Win=65535 Len=0"
"256","10.404403074","10.0.2.15","152.195.57.116","TLSv1.3","134","Change Cipher Spec, Application Data"
"257","10.405023213","27.123.42.204","10.0.2.15","TCP","60","443  >  41760 [ACK] Seq=5312 Ack=769 Win=65535 Len=0"
"258","10.405023505","152.195.57.116","10.0.2.15","TCP","60","443  >  37426 [ACK] Seq=4237 Ack=598 Win=65535 Len=0"
"259","10.407996863","10.0.2.15","27.123.42.204","TLSv1.3","241","Application Data"
"260","10.408150815","10.0.2.15","27.123.42.204","TLSv1.3","241","Application Data"
"261","10.408388206","10.0.2.15","152.199.40.143","TLSv1.3","224","Application Data"
"262","10.408489119","10.0.2.15","152.199.40.143","TLSv1.3","336","Application Data"
"263","10.408664606","27.123.42.204","10.0.2.15","TCP","60","443  >  41752 [ACK] Seq=5311 Ack=769 Win=65535 Len=0"
"264","10.408665146","27.123.42.204","10.0.2.15","TCP","60","443  >  41740 [ACK] Seq=5311 Ack=769 Win=65535 Len=0"
"265","10.408665226","152.199.40.143","10.0.2.15","TCP","60","443  >  40904 [ACK] Seq=4076 Ack=768 Win=65535 Len=0"
"266","10.408771307","152.199.40.143","10.0.2.15","TCP","60","443  >  40904 [ACK] Seq=4076 Ack=1050 Win=65535 Len=0"
"267","10.410745944","27.123.42.204","10.0.2.15","TLSv1.3","4290","Application Data, Application Data, Application Data"
"268","10.410780046","10.0.2.15","27.123.42.204","TCP","54","41726  >  443 [ACK] Seq=1737 Ack=154440 Win=65535 Len=0"
"269","10.423258192","10.0.2.15","152.195.57.116","TLSv1.3","224","Application Data"
"270","10.423432456","10.0.2.15","152.195.57.116","TLSv1.3","331","Application Data"
"271","10.424100794","152.195.57.116","10.0.2.15","TCP","60","443  >  37426 [ACK] Seq=4237 Ack=768 Win=65535 Len=0"
"272","10.424101177","152.195.57.116","10.0.2.15","TCP","60","443  >  37426 [ACK] Seq=4237 Ack=1045 Win=65535 Len=0"
"273","10.430452714","27.123.42.204","10.0.2.15","TLSv1.3","16998","Application Data, Application Data, Application Data, Application Data, Application Data, Application Data, Application Data, Application Data, Application Data, Application Data, Application Data, Application Data, Application Data"
"274","10.430505849","10.0.2.15","27.123.42.204","TCP","54","41726  >  443 [ACK] Seq=1737 Ack=171384 Win=65535 Len=0"
"275","10.448861104","27.123.42.204","10.0.2.15","TLSv1.3","21354","Application Data, Application Data, Application Data, Application Data, Application Data, Application Data, Application Data, Application Data, Application Data, Application Data, Application Data, Application Data, Application Data, Application Data, Application Data, Application Data, Application Data"
"276","10.448918724","10.0.2.15","27.123.42.204","TCP","54","41726  >  443 [ACK] Seq=1737 Ack=192684 Win=65535 Len=0"
"277","10.449400437","27.123.42.204","10.0.2.15","TLSv1.3","8406","Application Data, Application Data, Application Data, Application Data, Application Data, Application Data"
"278","10.449430397","10.0.2.15","27.123.42.204","TCP","54","41726  >  443 [ACK] Seq=1737 Ack=201036 Win=65535 Len=0"
"279","10.451652950","27.123.42.204","10.0.2.15","TLSv1.3","14174","Application Data, Application Data, Application Data, Application Data, Application Data, Application Data, Application Data, Application Data, Application Data, Application Data, Application Data"
"280","10.451693121","10.0.2.15","27.123.42.204","TCP","54","41726  >  443 [ACK] Seq=1737 Ack=215156 Win=65535 Len=0"
"281","10.477575587","152.195.57.116","10.0.2.15","TLSv1.3","564","Application Data, Application Data"
"282","10.477576099","152.199.40.143","10.0.2.15","TLSv1.3","672","Application Data, Application Data, Application Data, Application Data"
"283","10.477619370","10.0.2.15","152.195.57.116","TCP","54","37426  >  443 [ACK] Seq=1045 Ack=4747 Win=31064 Len=0"
"284","10.477701203","10.0.2.15","152.199.40.143","TCP","54","40904  >  443 [ACK] Seq=1050 Ack=4694 Win=31240 Len=0"
"285","10.479110468","152.195.57.116","10.0.2.15","TLSv1.3","193","Application Data, Application Data, Application Data"
"286","10.479110815","152.199.40.143","10.0.2.15","TLSv1.3","85","Application Data"
"287","10.479134661","10.0.2.15","152.195.57.116","TCP","54","37426  >  443 [ACK] Seq=1045 Ack=4886 Win=31064 Len=0"
"288","10.479181110","10.0.2.15","152.199.40.143","TCP","54","40904  >  443 [ACK] Seq=1050 Ack=4725 Win=31240 Len=0"
"289","10.479635367","10.0.2.15","152.195.57.116","TLSv1.3","85","Application Data"
"290","10.480910264","152.195.57.116","10.0.2.15","TCP","60","443  >  37426 [ACK] Seq=4886 Ack=1076 Win=65535 Len=0"
"291","10.481025693","10.0.2.15","152.199.40.143","TLSv1.3","85","Application Data"
"292","10.483661280","152.199.40.143","10.0.2.15","TCP","60","443  >  40904 [ACK] Seq=4725 Ack=1081 Win=65535 Len=0"
"293","10.483661832","152.195.57.116","10.0.2.15","TLSv1.3","8574","Application Data, Application Data"
"294","10.483721080","10.0.2.15","152.195.57.116","TCP","54","37426  >  443 [ACK] Seq=1076 Ack=13406 Win=31064 Len=0"
"295","10.485494763","152.195.57.116","10.0.2.15","TCP","2830","443  >  37426 [PSH, ACK] Seq=13406 Ack=1076 Win=65535 Len=2776 [TCP segment of a reassembled PDU]"
"296","10.485532567","10.0.2.15","152.195.57.116","TCP","54","37426  >  443 [ACK] Seq=1076 Ack=16182 Win=31064 Len=0"
"297","10.494677889","152.195.57.116","10.0.2.15","TCP","1466","443  >  37426 [PSH, ACK] Seq=16182 Ack=1076 Win=65535 Len=1412 [TCP segment of a reassembled PDU]"
"298","10.501348726","152.195.57.116","10.0.2.15","TLSv1.3","9994","Application Data, Application Data, Application Data"
"299","10.501405078","10.0.2.15","152.195.57.116","TCP","54","37426  >  443 [ACK] Seq=1076 Ack=27534 Win=31064 Len=0"
"300","10.502907387","152.195.57.116","10.0.2.15","TCP","4234","443  >  37426 [PSH, ACK] Seq=27534 Ack=1076 Win=65535 Len=4180 [TCP segment of a reassembled PDU]"
"301","10.502939143","10.0.2.15","152.195.57.116","TCP","54","37426  >  443 [ACK] Seq=1076 Ack=31714 Win=31064 Len=0"
"302","10.505324423","152.195.57.116","10.0.2.15","TLSv1.3","8342","Application Data, Application Data, Application Data, Application Data"
"303","10.505324879","152.199.40.143","10.0.2.15","TLSv1.3","1466","Application Data, Application Data"
"304","10.505353774","10.0.2.15","152.195.57.116","TCP","54","37426  >  443 [ACK] Seq=1076 Ack=40002 Win=31064 Len=0"
"305","10.513248572","152.199.40.143","10.0.2.15","TLSv1.3","1992","Application Data"
"306","10.513248824","27.123.42.204","10.0.2.15","TLSv1.3","628","Application Data, Application Data"
"307","10.513248907","27.123.42.204","10.0.2.15","TLSv1.3","12834","Application Data, Application Data, Application Data, Application Data, Application Data, Application Data, Application Data, Application Data, Application Data, Application Data"
"308","10.513289777","10.0.2.15","152.199.40.143","TCP","54","40904  >  443 [ACK] Seq=1081 Ack=8075 Win=31240 Len=0"
"309","10.513362933","10.0.2.15","27.123.42.204","TCP","54","41740  >  443 [ACK] Seq=769 Ack=5885 Win=31240 Len=0"
"310","10.513422246","10.0.2.15","27.123.42.204","TCP","54","41726  >  443 [ACK] Seq=1737 Ack=227936 Win=65535 Len=0"
"311","10.513859616","27.123.42.204","10.0.2.15","TLSv1.3","5723","Application Data, Application Data, Application Data, Application Data, Application Data"
"312","10.513874819","10.0.2.15","27.123.42.204","TCP","54","41726  >  443 [ACK] Seq=1737 Ack=233605 Win=65535 Len=0"
"313","10.514780215","27.123.42.204","10.0.2.15","TLSv1.3","652","Application Data, Application Data, Application Data"
"314","10.514780493","27.123.42.204","10.0.2.15","TCP","60","443  >  41760 [FIN, ACK] Seq=5910 Ack=769 Win=65535 Len=0"
"315","10.514780569","27.123.42.204","10.0.2.15","TLSv1.3","652","Application Data, Application Data, Application Data"
"316","10.514780694","27.123.42.204","10.0.2.15","TCP","60","443  >  41752 [FIN, ACK] Seq=5909 Ack=769 Win=65535 Len=0"
"317","10.514780754","27.123.42.204","10.0.2.15","TLSv1.3","134","Application Data, Application Data"
"318","10.514780824","27.123.42.204","10.0.2.15","TCP","60","443  >  41740 [FIN, ACK] Seq=5965 Ack=769 Win=65535 Len=0"
"319","10.514799568","10.0.2.15","27.123.42.204","TCP","54","41760  >  443 [ACK] Seq=769 Ack=5910 Win=31240 Len=0"
"320","10.514846160","10.0.2.15","27.123.42.204","TCP","54","41752  >  443 [ACK] Seq=769 Ack=5909 Win=31240 Len=0"
"321","10.514884699","10.0.2.15","27.123.42.204","TCP","54","41740  >  443 [ACK] Seq=769 Ack=5965 Win=31240 Len=0"
"322","10.557729095","10.0.2.15","27.123.42.204","TCP","54","41740  >  443 [ACK] Seq=769 Ack=5966 Win=31240 Len=0"
"323","10.557873653","10.0.2.15","27.123.42.204","TCP","54","41752  >  443 [ACK] Seq=769 Ack=5910 Win=31240 Len=0"
"324","10.557919369","10.0.2.15","27.123.42.204","TCP","54","41760  >  443 [ACK] Seq=769 Ack=5911 Win=31240 Len=0"
"325","10.581757997","10.0.2.15","27.123.42.204","TLSv1.3","78","Application Data"
"326","10.582870616","27.123.42.204","10.0.2.15","TCP","60","443  >  41740 [ACK] Seq=5966 Ack=793 Win=65535 Len=0"
"327","10.615293685","10.0.2.15","27.123.42.204","TLSv1.3","78","Application Data"
"328","10.616739275","27.123.42.204","10.0.2.15","TCP","60","443  >  41752 [ACK] Seq=5910 Ack=793 Win=65535 Len=0"
"329","10.617582930","10.0.2.15","27.123.42.204","TLSv1.3","78","Application Data"
"330","10.617796618","10.0.2.15","23.48.226.59","TCP","54","[TCP Dup ACK 5#1] 53346  >  443 [ACK] Seq=1 Ack=1 Win=31240 Len=0"
"331","10.617920625","27.123.42.204","10.0.2.15","TCP","60","443  >  41740 [RST, ACK] Seq=5966 Ack=793 Win=65535 Len=0"
"332","10.618438929","27.123.42.204","10.0.2.15","TCP","60","443  >  41760 [ACK] Seq=5911 Ack=793 Win=65535 Len=0"
"333","10.618439346","23.48.226.59","10.0.2.15","TCP","60","[TCP Dup ACK 6#1] 443  >  53346 [ACK] Seq=1 Ack=2 Win=65535 Len=0"
"334","10.651700006","27.123.42.204","10.0.2.15","TCP","60","443  >  41752 [RST, ACK] Seq=5910 Ack=793 Win=65535 Len=0"
"335","10.653748845","27.123.42.204","10.0.2.15","TCP","60","443  >  41760 [RST, ACK] Seq=5911 Ack=793 Win=65535 Len=0"
"336","10.879674877","10.0.2.15","27.123.42.204","TLSv1.3","216","Application Data"
"337","10.880447341","27.123.42.204","10.0.2.15","TCP","60","443  >  41726 [ACK] Seq=233605 Ack=1899 Win=65535 Len=0"
"338","10.892262576","10.0.2.15","27.123.42.204","TLSv1.3","265","Application Data"
"339","10.893133189","27.123.42.204","10.0.2.15","TCP","60","443  >  41726 [ACK] Seq=233605 Ack=2110 Win=65535 Len=0"
"340","10.914178835","27.123.42.204","10.0.2.15","TLSv1.3","990","Application Data"
"341","10.919283689","10.0.2.15","27.123.42.204","TLSv1.3","157","Application Data"
"342","10.920012323","27.123.42.204","10.0.2.15","TCP","60","443  >  41726 [ACK] Seq=234541 Ack=2213 Win=65535 Len=0"
"343","10.926781265","27.123.42.204","10.0.2.15","TLSv1.3","1376","Application Data"
"344","10.932270163","27.123.42.204","10.0.2.15","TLSv1.3","11080","Application Data, Application Data, Application Data, Application Data, Application Data, Application Data, Application Data, Application Data"
"345","10.932318919","10.0.2.15","27.123.42.204","TCP","54","41726  >  443 [ACK] Seq=2213 Ack=246889 Win=65535 Len=0"
"346","10.939450597","27.123.42.204","10.0.2.15","TLSv1.3","1466","Application Data"
"347","10.948191735","27.123.42.204","10.0.2.15","TLSv1.3","5702","Application Data, Application Data, Application Data, Application Data"
"348","10.948247115","10.0.2.15","27.123.42.204","TCP","54","41726  >  443 [ACK] Seq=2213 Ack=253949 Win=65535 Len=0"
"349","10.953499979","27.123.42.204","10.0.2.15","TLSv1.3","10469","Application Data, Application Data, Application Data, Application Data, Application Data, Application Data, Application Data, Application Data, Application Data"
"350","10.953541035","10.0.2.15","27.123.42.204","TCP","54","41726  >  443 [ACK] Seq=2213 Ack=264364 Win=65535 Len=0"
"351","10.960176672","10.0.2.15","27.123.42.204","TLSv1.3","155","Application Data"
"352","10.960913572","27.123.42.204","10.0.2.15","TCP","60","443  >  41726 [ACK] Seq=264364 Ack=2314 Win=65535 Len=0"
"353","10.963426330","27.123.42.204","10.0.2.15","TLSv1.3","12402","Application Data, Application Data, Application Data, Application Data, Application Data, Application Data, Application Data, Application Data, Application Data, Application Data"
"354","10.963463528","10.0.2.15","27.123.42.204","TCP","54","41726  >  443 [ACK] Seq=2314 Ack=276712 Win=65535 Len=0"
"355","10.972351890","27.123.42.204","10.0.2.15","TLSv1.3","7114","Application Data, Application Data, Application Data, Application Data, Application Data"
"356","10.972352500","27.123.42.204","10.0.2.15","TLSv1.3","10559","Application Data, Application Data, Application Data, Application Data, Application Data, Application Data, Application Data, Application Data, Application Data"
"357","10.972476494","10.0.2.15","27.123.42.204","TCP","54","41726  >  443 [ACK] Seq=2314 Ack=294277 Win=65535 Len=0"
"358","11.001391245","27.123.42.204","10.0.2.15","TLSv1.3","2788","Application Data, Application Data"
"359","11.001422280","10.0.2.15","27.123.42.204","TCP","54","41726  >  443 [ACK] Seq=2314 Ack=297011 Win=65535 Len=0"
"360","11.010023499","27.123.42.204","10.0.2.15","TLSv1.3","16548","Application Data, Application Data, Application Data, Application Data, Application Data, Application Data, Application Data, Application Data, Application Data, Application Data, Application Data, Application Data"
"361","11.010056790","10.0.2.15","27.123.42.204","TCP","54","41726  >  443 [ACK] Seq=2314 Ack=313505 Win=65535 Len=0"
"362","11.011478940","27.123.42.204","10.0.2.15","TLSv1.3","10944","Application Data, Application Data, Application Data, Application Data, Application Data, Application Data, Application Data, Application Data, Application Data"
"363","11.011513669","10.0.2.15","27.123.42.204","TCP","54","41726  >  443 [ACK] Seq=2314 Ack=324395 Win=65535 Len=0"
"364","11.170092853","10.0.2.15","192.168.1.1","DNS","73","Standard query 0x2dda A udc.yahoo.com"
"365","11.170237474","10.0.2.15","192.168.1.1","DNS","73","Standard query 0x5325 AAAA udc.yahoo.com"
"366","11.179833228","192.168.1.1","10.0.2.15","DNS","133","Standard query response 0x2dda A udc.yahoo.com CNAME udc-ats.media.g03.yahoodns.net A 106.10.247.0"
"367","11.181088241","192.168.1.1","10.0.2.15","DNS","145","Standard query response 0x5325 AAAA udc.yahoo.com CNAME udc-ats.media.g03.yahoodns.net AAAA 2406:2000:e4:1504::6000"
"368","11.190906501","10.0.2.15","106.10.247.0","TCP","74","41288  >  443 [SYN] Seq=0 Win=32120 Len=0 MSS=1460 SACK_PERM TSval=2481147578 TSecr=0 WS=128"
"369","11.248192022","106.10.247.0","10.0.2.15","TCP","60","443  >  41288 [SYN, ACK] Seq=0 Ack=1 Win=65535 Len=0 MSS=1460"
"370","11.248235057","10.0.2.15","106.10.247.0","TCP","54","41288  >  443 [ACK] Seq=1 Ack=1 Win=32120 Len=0"
"371","11.252759300","10.0.2.15","106.10.247.0","TLSv1.3","571","Client Hello (SNI=udc.yahoo.com)"
"372","11.253439628","106.10.247.0","10.0.2.15","TCP","60","443  >  41288 [ACK] Seq=1 Ack=518 Win=65535 Len=0"
"373","11.309757803","106.10.247.0","10.0.2.15","TLSv1.3","2894","Server Hello, Change Cipher Spec, Application Data"
"374","11.309792466","10.0.2.15","106.10.247.0","TCP","54","41288  >  443 [ACK] Seq=518 Ack=2841 Win=31240 Len=0"
"375","11.310176329","106.10.247.0","10.0.2.15","TLSv1.3","1374","Application Data, Application Data, Application Data"
"376","11.310191614","10.0.2.15","106.10.247.0","TCP","54","41288  >  443 [ACK] Seq=518 Ack=4161 Win=31240 Len=0"
"377","11.430397251","10.0.2.15","106.10.247.0","TLSv1.3","118","Change Cipher Spec, Application Data"
"378","11.431147177","106.10.247.0","10.0.2.15","TCP","60","443  >  41288 [ACK] Seq=4161 Ack=582 Win=65535 Len=0"
"379","11.431573219","10.0.2.15","106.10.247.0","TLSv1.3","224","Application Data"
"380","11.431727025","10.0.2.15","106.10.247.0","TLSv1.3","496","Application Data"
"381","11.431856096","10.0.2.15","106.10.247.0","TLSv1.3","1818","Application Data"
"382","11.432315472","106.10.247.0","10.0.2.15","TCP","60","443  >  41288 [ACK] Seq=4161 Ack=752 Win=65535 Len=0"
"383","11.432315776","106.10.247.0","10.0.2.15","TCP","60","443  >  41288 [ACK] Seq=4161 Ack=1194 Win=65535 Len=0"
"384","11.432486535","106.10.247.0","10.0.2.15","TCP","60","443  >  41288 [ACK] Seq=4161 Ack=2654 Win=65535 Len=0"
"385","11.432486813","106.10.247.0","10.0.2.15","TCP","60","443  >  41288 [ACK] Seq=4161 Ack=2958 Win=65535 Len=0"
"386","11.485550197","106.10.247.0","10.0.2.15","TLSv1.3","341","Application Data"
"387","11.485591839","10.0.2.15","106.10.247.0","TCP","54","41288  >  443 [ACK] Seq=2958 Ack=4448 Win=31240 Len=0"
"388","11.487704892","106.10.247.0","10.0.2.15","TLSv1.3","415","Application Data, Application Data, Application Data"
"389","11.487725773","10.0.2.15","106.10.247.0","TCP","54","41288  >  443 [ACK] Seq=2958 Ack=4809 Win=31240 Len=0"
"390","11.489575429","106.10.247.0","10.0.2.15","TLSv1.3","440","Application Data"
"391","11.489596784","10.0.2.15","106.10.247.0","TCP","54","41288  >  443 [ACK] Seq=2958 Ack=5195 Win=31240 Len=0"
"392","11.490127599","10.0.2.15","106.10.247.0","TLSv1.3","85","Application Data"
"393","11.494051471","106.10.247.0","10.0.2.15","TCP","60","443  >  41288 [ACK] Seq=5195 Ack=2989 Win=65535 Len=0"
"394","12.904735888","10.0.2.15","192.168.1.1","DNS","74","Standard query 0xd5f6 A guce.yahoo.com"
"395","12.904874132","10.0.2.15","192.168.1.1","DNS","74","Standard query 0xe5f4 AAAA guce.yahoo.com"
"396","12.916700532","192.168.1.1","10.0.2.15","DNS","337","Standard query response 0xd5f6 A guce.yahoo.com CNAME real.rotation.guce.aws.oath.cloud CNAME prod-rotation-v2.guce.aws.oath.cloud A 52.76.45.13 A 52.77.23.51 A 18.139.28.59 NS ns-1173.awsdns-18.org NS ns-1859.awsdns-40.co.uk NS ns-394.awsdns-49.com NS ns-877.awsdns-45.net"
"397","12.918077140","192.168.1.1","10.0.2.15","DNS","233","Standard query response 0xe5f4 AAAA guce.yahoo.com CNAME real.rotation.guce.aws.oath.cloud CNAME prod-rotation-v2.guce.aws.oath.cloud SOA ns-877.awsdns-45.net"
"398","12.918691201","10.0.2.15","52.76.45.13","TCP","74","35472  >  443 [SYN] Seq=0 Win=32120 Len=0 MSS=1460 SACK_PERM TSval=2252083279 TSecr=0 WS=128"
"399","12.955698164","10.0.2.15","192.168.1.1","DNS","78","Standard query 0x869c A gpt.mail.yahoo.net"
"400","12.955829661","10.0.2.15","192.168.1.1","DNS","78","Standard query 0x2e9e AAAA gpt.mail.yahoo.net"
"401","12.968212365","192.168.1.1","10.0.2.15","DNS","178","Standard query response 0x869c A gpt.mail.yahoo.net CNAME edge.gycpi.b.yahoodns.net A 27.123.42.204 A 27.123.43.205 A 27.123.43.204 A 27.123.42.205"
"402","12.969491346","192.168.1.1","10.0.2.15","DNS","226","Standard query response 0x2e9e AAAA gpt.mail.yahoo.net CNAME edge.gycpi.b.yahoodns.net AAAA 2406:8600:f040:1fa::3000 AAAA 2406:8600:f03f:1fa::2000 AAAA 2406:8600:f040:1fa::2000 AAAA 2406:8600:f03f:1fa::3000"
"403","12.972253695","10.0.2.15","27.123.42.204","TCP","74","41764  >  443 [SYN] Seq=0 Win=32120 Len=0 MSS=1460 SACK_PERM TSval=18437758 TSecr=0 WS=128"
"404","12.974539397","52.76.45.13","10.0.2.15","TCP","60","443  >  35472 [SYN, ACK] Seq=0 Ack=1 Win=65535 Len=0 MSS=1460"
"405","12.974587610","10.0.2.15","52.76.45.13","TCP","54","35472  >  443 [ACK] Seq=1 Ack=1 Win=32120 Len=0"
"406","13.000180961","10.0.2.15","52.76.45.13","TLSv1.2","571","Client Hello (SNI=guce.yahoo.com)"
"407","13.001050071","52.76.45.13","10.0.2.15","TCP","60","443  >  35472 [ACK] Seq=1 Ack=518 Win=65535 Len=0"
"408","13.007089505","27.123.42.204","10.0.2.15","TCP","60","443  >  41764 [SYN, ACK] Seq=0 Ack=1 Win=65535 Len=0 MSS=1460"
"409","13.007130732","10.0.2.15","27.123.42.204","TCP","54","41764  >  443 [ACK] Seq=1 Ack=1 Win=32120 Len=0"
"410","13.024880269","10.0.2.15","27.123.42.204","TLSv1.3","571","Client Hello (SNI=gpt.mail.yahoo.net)"
"411","13.026666405","27.123.42.204","10.0.2.15","TCP","60","443  >  41764 [ACK] Seq=1 Ack=518 Win=65535 Len=0"
"412","13.061968584","27.123.42.204","10.0.2.15","TLSv1.3","2878","Server Hello, Change Cipher Spec, Application Data"
"413","13.061968843","52.76.45.13","10.0.2.15","TCP","2894","443  >  35472 [ACK] Seq=1 Ack=518 Win=65535 Len=2840 [TCP segment of a reassembled PDU]"
"414","13.062006060","10.0.2.15","27.123.42.204","TCP","54","41764  >  443 [ACK] Seq=518 Ack=2825 Win=31240 Len=0"
"415","13.062093059","10.0.2.15","52.76.45.13","TCP","54","35472  >  443 [ACK] Seq=518 Ack=2841 Win=31240 Len=0"
"416","13.062513798","52.76.45.13","10.0.2.15","TLSv1.2","2167","Server Hello, Certificate, Server Key Exchange, Server Hello Done"
"417","13.062532105","10.0.2.15","52.76.45.13","TCP","54","35472  >  443 [ACK] Seq=518 Ack=4954 Win=31240 Len=0"
"418","13.064508113","27.123.42.204","10.0.2.15","TCP","1326","443  >  41764 [PSH, ACK] Seq=2825 Ack=518 Win=65535 Len=1272 [TCP segment of a reassembled PDU]"
"419","13.064537374","10.0.2.15","27.123.42.204","TCP","54","41764  >  443 [ACK] Seq=518 Ack=4097 Win=31240 Len=0"
"420","13.066563183","27.123.42.204","10.0.2.15","TLSv1.3","644","Application Data, Application Data, Application Data"
"421","13.066608371","10.0.2.15","27.123.42.204","TCP","54","41764  >  443 [ACK] Seq=518 Ack=4687 Win=31240 Len=0"
"422","13.093180232","10.0.2.15","52.76.45.13","TLSv1.2","180","Client Key Exchange, Change Cipher Spec, Encrypted Handshake Message"
"423","13.094177091","52.76.45.13","10.0.2.15","TCP","60","443  >  35472 [ACK] Seq=4954 Ack=644 Win=65535 Len=0"
"424","13.145813210","10.0.2.15","27.123.42.204","TLSv1.3","118","Change Cipher Spec, Application Data"
"425","13.146947845","27.123.42.204","10.0.2.15","TCP","60","443  >  41764 [ACK] Seq=4687 Ack=582 Win=65535 Len=0"
"426","13.147843632","10.0.2.15","27.123.42.204","TLSv1.3","224","Application Data"
"427","13.151683150","52.76.45.13","10.0.2.15","TLSv1.2","105","Change Cipher Spec, Encrypted Handshake Message"
"428","13.152786274","27.123.42.204","10.0.2.15","TCP","60","443  >  41764 [ACK] Seq=4687 Ack=752 Win=65535 Len=0"
"429","13.157738899","10.0.2.15","27.123.42.204","TLSv1.3","462","Application Data"
"430","13.159990535","27.123.42.204","10.0.2.15","TCP","60","443  >  41764 [ACK] Seq=4687 Ack=1160 Win=65535 Len=0"
"431","13.169441311","10.0.2.15","52.76.45.13","TLSv1.2","562","Application Data"
"432","13.171133108","52.76.45.13","10.0.2.15","TCP","60","443  >  35472 [ACK] Seq=5005 Ack=1152 Win=65535 Len=0"
"433","13.180753356","27.123.42.204","10.0.2.15","TLSv1.3","628","Application Data, Application Data"
"434","13.180802880","10.0.2.15","27.123.42.204","TCP","54","41764  >  443 [ACK] Seq=1160 Ack=5261 Win=31240 Len=0"
"435","13.182298827","27.123.42.204","10.0.2.15","TLSv1.3","110","Application Data"
"436","13.182347132","10.0.2.15","27.123.42.204","TCP","54","41764  >  443 [ACK] Seq=1160 Ack=5317 Win=31240 Len=0"
"437","13.183818828","10.0.2.15","27.123.42.204","TLSv1.3","85","Application Data"
"438","13.184165642","27.123.42.204","10.0.2.15","TCP","60","443  >  41764 [ACK] Seq=5317 Ack=1191 Win=65535 Len=0"
"439","13.189331241","27.123.42.204","10.0.2.15","TLSv1.3","85","Application Data"
"440","13.224655019","52.76.45.13","10.0.2.15","TLSv1.2","674","Application Data"
"441","13.229793019","10.0.2.15","27.123.42.204","TCP","54","41764  >  443 [ACK] Seq=1191 Ack=5348 Win=31240 Len=0"
"442","13.252775185","27.123.42.204","10.0.2.15","TLSv1.3","1358","Application Data"
"443","13.252820044","10.0.2.15","27.123.42.204","TCP","54","41764  >  443 [ACK] Seq=1191 Ack=6652 Win=31240 Len=0"
"444","13.266817478","10.0.2.15","52.76.45.13","TCP","54","35472  >  443 [ACK] Seq=1152 Ack=5625 Win=31240 Len=0"
"445","13.362511098","10.0.2.15","192.168.1.1","DNS","90","Standard query 0x228e A securepubads.g.doubleclick.net"
"446","13.362661561","10.0.2.15","192.168.1.1","DNS","90","Standard query 0x9288 AAAA securepubads.g.doubleclick.net"
"447","13.362989286","10.0.2.15","192.168.1.1","DNS","89","Standard query 0xa649 A pagead2.googlesyndication.com"
"448","13.363087168","10.0.2.15","192.168.1.1","DNS","89","Standard query 0x5155 AAAA pagead2.googlesyndication.com"
"449","13.373095207","192.168.1.1","10.0.2.15","DNS","106","Standard query response 0x228e A securepubads.g.doubleclick.net A 142.250.195.66"
"450","13.374551247","192.168.1.1","10.0.2.15","DNS","118","Standard query response 0x9288 AAAA securepubads.g.doubleclick.net AAAA 2404:6800:4007:82c::2002"
"451","13.375445088","10.0.2.15","142.250.195.66","TCP","74","41096  >  443 [SYN] Seq=0 Win=32120 Len=0 MSS=1460 SACK_PERM TSval=4006536121 TSecr=0 WS=128"
"452","13.377882800","192.168.1.1","10.0.2.15","DNS","105","Standard query response 0xa649 A pagead2.googlesyndication.com A 142.250.67.66"
"453","13.384031337","192.168.1.1","10.0.2.15","DNS","117","Standard query response 0x5155 AAAA pagead2.googlesyndication.com AAAA 2404:6800:4007:81e::2002"
"454","13.386421961","10.0.2.15","142.250.67.66","TCP","74","43788  >  443 [SYN] Seq=0 Win=32120 Len=0 MSS=1460 SACK_PERM TSval=3692408854 TSecr=0 WS=128"
"455","13.394280114","10.0.2.15","27.123.42.204","TLSv1.3","171","Application Data"
"456","13.394693092","10.0.2.15","27.123.42.204","TLSv1.3","139","Application Data"
"457","13.395033409","27.123.42.204","10.0.2.15","TCP","60","443  >  41726 [ACK] Seq=324395 Ack=2431 Win=65535 Len=0"
"458","13.395033691","27.123.42.204","10.0.2.15","TCP","60","443  >  41726 [ACK] Seq=324395 Ack=2516 Win=65535 Len=0"
"459","13.395123100","10.0.2.15","27.123.42.204","TLSv1.3","158","Application Data"
"460","13.396278792","27.123.42.204","10.0.2.15","TCP","60","443  >  41726 [ACK] Seq=324395 Ack=2620 Win=65535 Len=0"
"461","13.399751960","142.250.195.66","10.0.2.15","TCP","60","443  >  41096 [SYN, ACK] Seq=0 Ack=1 Win=65535 Len=0 MSS=1460"
"462","13.399796537","10.0.2.15","142.250.195.66","TCP","54","41096  >  443 [ACK] Seq=1 Ack=1 Win=32120 Len=0"
"463","13.406909125","10.0.2.15","142.250.195.66","TLSv1.3","571","Client Hello (SNI=securepubads.g.doubleclick.net)"
"464","13.407678701","142.250.195.66","10.0.2.15","TCP","60","443  >  41096 [ACK] Seq=1 Ack=518 Win=65535 Len=0"
"465","13.415327061","142.250.67.66","10.0.2.15","TCP","60","443  >  43788 [SYN, ACK] Seq=0 Ack=1 Win=65535 Len=0 MSS=1460"
"466","13.415391212","10.0.2.15","142.250.67.66","TCP","54","43788  >  443 [ACK] Seq=1 Ack=1 Win=32120 Len=0"
"467","13.434176506","10.0.2.15","142.250.67.66","TLSv1.3","571","Client Hello (SNI=pagead2.googlesyndication.com)"
"468","13.435048844","142.250.67.66","10.0.2.15","TCP","60","443  >  43788 [ACK] Seq=1 Ack=518 Win=65535 Len=0"
"469","13.438439221","27.123.42.204","10.0.2.15","TLSv1.3","13814","Application Data, Application Data, Application Data, Application Data, Application Data, Application Data, Application Data, Application Data, Application Data, Application Data"
"470","13.438485547","10.0.2.15","27.123.42.204","TCP","54","41726  >  443 [ACK] Seq=2620 Ack=338155 Win=65535 Len=0"
"471","13.477463176","142.250.195.66","10.0.2.15","TLSv1.3","1466","Server Hello, Change Cipher Spec"
"472","13.477514792","10.0.2.15","142.250.195.66","TCP","54","41096  >  443 [ACK] Seq=518 Ack=1413 Win=31064 Len=0"
"473","13.480707015","142.250.195.66","10.0.2.15","TLSv1.3","2987","Application Data"
"474","13.480744274","10.0.2.15","142.250.195.66","TCP","54","41096  >  443 [ACK] Seq=518 Ack=4346 Win=31064 Len=0"
"475","13.487031932","27.123.42.204","10.0.2.15","TLSv1.3","1466","Application Data"
"476","13.488933751","27.123.42.204","10.0.2.15","TLSv1.3","1466","Application Data"
"477","13.488966319","10.0.2.15","27.123.42.204","TCP","54","41726  >  443 [ACK] Seq=2620 Ack=340979 Win=65535 Len=0"
"478","13.495402847","27.123.42.204","10.0.2.15","TLSv1.3","14982","Application Data, Application Data, Application Data, Application Data, Application Data, Application Data, Application Data, Application Data, Application Data, Application Data, Application Data, Application Data"
"479","13.495436249","10.0.2.15","27.123.42.204","TCP","54","41726  >  443 [ACK] Seq=2620 Ack=355907 Win=65535 Len=0"
"480","13.507760336","142.250.67.66","10.0.2.15","TLSv1.3","2894","Server Hello, Change Cipher Spec"
"481","13.507783470","10.0.2.15","142.250.67.66","TCP","54","43788  >  443 [ACK] Seq=518 Ack=2841 Win=31240 Len=0"
"482","13.508177994","142.250.67.66","10.0.2.15","TLSv1.3","1560","Application Data"
"483","13.508195621","10.0.2.15","142.250.67.66","TCP","54","43788  >  443 [ACK] Seq=518 Ack=4347 Win=31240 Len=0"
"484","13.630501837","10.0.2.15","142.250.195.66","TLSv1.3","118","Change Cipher Spec, Application Data"
"485","13.631462807","142.250.195.66","10.0.2.15","TCP","60","443  >  41096 [ACK] Seq=4346 Ack=582 Win=65535 Len=0"
"486","13.652387661","10.0.2.15","142.250.195.66","TLSv1.3","224","Application Data"
"487","13.653430074","142.250.195.66","10.0.2.15","TCP","60","443  >  41096 [ACK] Seq=4346 Ack=752 Win=65535 Len=0"
"488","13.659382735","142.250.195.66","10.0.2.15","TLSv1.3","668","Application Data, Application Data"
"489","13.659411815","10.0.2.15","142.250.195.66","TCP","54","41096  >  443 [ACK] Seq=752 Ack=4960 Win=31064 Len=0"
"490","13.671066231","10.0.2.15","142.250.195.66","TLSv1.3","85","Application Data"
"491","13.673558401","142.250.195.66","10.0.2.15","TCP","60","443  >  41096 [ACK] Seq=4960 Ack=783 Win=65535 Len=0"
"492","13.677939824","142.250.195.66","10.0.2.15","TLSv1.3","85","Application Data"
"493","13.690000731","10.0.2.15","142.250.67.66","TLSv1.3","118","Change Cipher Spec, Application Data"
"494","13.690831052","142.250.67.66","10.0.2.15","TCP","60","443  >  43788 [ACK] Seq=4347 Ack=582 Win=65535 Len=0"
"495","13.696000530","10.0.2.15","142.250.67.66","TLSv1.3","224","Application Data"
"496","13.696902437","142.250.67.66","10.0.2.15","TCP","60","443  >  43788 [ACK] Seq=4347 Ack=752 Win=65535 Len=0"
"497","13.717034291","142.250.67.66","10.0.2.15","TLSv1.3","668","Application Data, Application Data"
"498","13.717125771","10.0.2.15","142.250.67.66","TCP","54","43788  >  443 [ACK] Seq=752 Ack=4961 Win=31240 Len=0"
"499","13.721667381","10.0.2.15","142.250.195.66","TCP","54","41096  >  443 [ACK] Seq=783 Ack=4991 Win=31064 Len=0"
"500","13.724230856","10.0.2.15","142.250.67.66","TLSv1.3","85","Application Data"
"501","13.725239380","142.250.67.66","10.0.2.15","TCP","60","443  >  43788 [ACK] Seq=4961 Ack=783 Win=65535 Len=0"
"502","13.726061800","142.250.67.66","10.0.2.15","TLSv1.3","85","Application Data"
"503","13.735877069","10.0.2.15","192.168.1.1","DNS","76","Standard query 0xdc38 A cadmus.script.ac"
"504","13.735979131","10.0.2.15","192.168.1.1","DNS","76","Standard query 0x1435 AAAA cadmus.script.ac"
"505","13.746009252","192.168.1.1","10.0.2.15","DNS","108","Standard query response 0xdc38 A cadmus.script.ac A 104.18.23.145 A 104.18.22.145"
"506","13.747215592","192.168.1.1","10.0.2.15","DNS","104","Standard query response 0x1435 AAAA cadmus.script.ac AAAA 2606:4700:83b0:1841:333b:31:2aa8:7e24"
"507","13.769666033","10.0.2.15","142.250.67.66","TCP","54","43788  >  443 [ACK] Seq=783 Ack=4992 Win=31240 Len=0"
"508","13.779244866","10.0.2.15","104.18.23.145","TCP","74","56812  >  443 [SYN] Seq=0 Win=32120 Len=0 MSS=1460 SACK_PERM TSval=183777045 TSecr=0 WS=128"
"509","13.799176803","10.0.2.15","192.168.1.1","DNS","73","Standard query 0x2b83 A noa.yahoo.com"
"510","13.799300640","10.0.2.15","192.168.1.1","DNS","73","Standard query 0x8f80 AAAA noa.yahoo.com"
"511","13.805507415","104.18.23.145","10.0.2.15","TCP","60","443  >  56812 [SYN, ACK] Seq=0 Ack=1 Win=65535 Len=0 MSS=1460"
"512","13.805571437","10.0.2.15","104.18.23.145","TCP","54","56812  >  443 [ACK] Seq=1 Ack=1 Win=32120 Len=0"
"513","13.814563326","192.168.1.1","10.0.2.15","DNS","135","Standard query response 0x2b83 A noa.yahoo.com CNAME noa-atsv2.media.g03.yahoodns.net A 106.10.218.155"
"514","13.814563763","192.168.1.1","10.0.2.15","DNS","147","Standard query response 0x8f80 AAAA noa.yahoo.com CNAME noa-atsv2.media.g03.yahoodns.net AAAA 2406:2000:e4:1504::6000"
"515","13.842441985","10.0.2.15","104.18.23.145","TLSv1.3","571","Client Hello (SNI=cadmus.script.ac)"
"516","13.843130936","104.18.23.145","10.0.2.15","TCP","60","443  >  56812 [ACK] Seq=1 Ack=518 Win=65535 Len=0"
"517","13.846541592","10.0.2.15","27.123.42.204","TLSv1.3","138","Application Data"
"518","13.847306913","27.123.42.204","10.0.2.15","TCP","60","443  >  41726 [ACK] Seq=355907 Ack=2704 Win=65535 Len=0"
"519","13.852485431","10.0.2.15","27.123.42.204","TLSv1.3","180","Application Data"
"520","13.853357104","27.123.42.204","10.0.2.15","TCP","60","443  >  41726 [ACK] Seq=355907 Ack=2830 Win=65535 Len=0"
"521","13.853708322","10.0.2.15","152.199.40.143","TLSv1.3","163","Application Data"
"522","13.854378756","10.0.2.15","142.250.193.162","TLSv1.2","93","Application Data"
"523","13.854726288","152.199.40.143","10.0.2.15","TCP","60","443  >  40904 [ACK] Seq=8075 Ack=1190 Win=65535 Len=0"
"524","13.854726736","142.250.193.162","10.0.2.15","TCP","60","443  >  39082 [ACK] Seq=1 Ack=40 Win=65535 Len=0"
"525","13.859935718","10.0.2.15","106.10.218.155","TCP","74","36838  >  443 [SYN] Seq=0 Win=32120 Len=0 MSS=1460 SACK_PERM TSval=2552989297 TSecr=0 WS=128"
"526","13.860207395","10.0.2.15","142.250.193.162","TLSv1.2","78","Application Data"
"527","13.860305441","10.0.2.15","142.250.193.162","TCP","54","39082  >  443 [FIN, ACK] Seq=64 Ack=1 Win=31488 Len=0"
"528","13.860816033","142.250.193.162","10.0.2.15","TCP","60","443  >  39082 [ACK] Seq=1 Ack=64 Win=65535 Len=0"
"529","13.860816405","142.250.193.162","10.0.2.15","TCP","60","443  >  39082 [ACK] Seq=1 Ack=65 Win=65535 Len=0"
"530","13.861133134","10.0.2.15","106.10.218.155","TCP","74","36848  >  443 [SYN] Seq=0 Win=32120 Len=0 MSS=1460 SACK_PERM TSval=2552989298 TSecr=0 WS=128"
"531","13.868796576","104.18.23.145","10.0.2.15","TLSv1.3","2878","Server Hello, Change Cipher Spec"
"532","13.868841832","10.0.2.15","104.18.23.145","TCP","54","56812  >  443 [ACK] Seq=518 Ack=2825 Win=31240 Len=0"
"533","13.879474192","104.18.23.145","10.0.2.15","TLSv1.3","1294","Application Data"
"534","13.879499934","10.0.2.15","104.18.23.145","TCP","54","56812  >  443 [ACK] Seq=518 Ack=4065 Win=31240 Len=0"
"535","13.882910477","152.199.40.143","10.0.2.15","TLSv1.3","3137","Application Data, Application Data, Application Data"
"536","13.882911292","142.250.193.162","10.0.2.15","TCP","60","443  >  39082 [FIN, ACK] Seq=1 Ack=65 Win=65535 Len=0"
"537","13.882949227","10.0.2.15","152.199.40.143","TCP","54","40904  >  443 [ACK] Seq=1190 Ack=11158 Win=31240 Len=0"
"538","13.883166296","10.0.2.15","142.250.193.162","TCP","54","39082  >  443 [ACK] Seq=65 Ack=2 Win=31488 Len=0"
"539","13.890024196","27.123.42.204","10.0.2.15","TLSv1.3","8166","Application Data, Application Data, Application Data, Application Data, Application Data, Application Data"
"540","13.890064083","10.0.2.15","27.123.42.204","TCP","54","41726  >  443 [ACK] Seq=2830 Ack=364019 Win=65535 Len=0"
"541","13.893149231","27.123.42.204","10.0.2.15","TLSv1.3","1466","Application Data"
"542","13.894136109","27.123.42.204","10.0.2.15","TLSv1.3","12762","Application Data, Application Data, Application Data, Application Data, Application Data, Application Data, Application Data, Application Data, Application Data"
"543","13.894166203","10.0.2.15","27.123.42.204","TCP","54","41726  >  443 [ACK] Seq=2830 Ack=378139 Win=65535 Len=0"
"544","13.914145686","106.10.218.155","10.0.2.15","TCP","60","443  >  36838 [SYN, ACK] Seq=0 Ack=1 Win=65535 Len=0 MSS=1460"
"545","13.914179874","10.0.2.15","106.10.218.155","TCP","54","36838  >  443 [ACK] Seq=1 Ack=1 Win=32120 Len=0"
"546","13.921199125","106.10.218.155","10.0.2.15","TCP","60","443  >  36848 [SYN, ACK] Seq=0 Ack=1 Win=65535 Len=0 MSS=1460"
"547","13.921239110","10.0.2.15","106.10.218.155","TCP","54","36848  >  443 [ACK] Seq=1 Ack=1 Win=32120 Len=0"
"548","13.925351559","27.123.42.204","10.0.2.15","TLSv1.3","1466","Application Data"
"549","13.929225665","27.123.42.204","10.0.2.15","TLSv1.3","2878","Application Data, Application Data, Application Data"
"550","13.929262184","10.0.2.15","27.123.42.204","TCP","54","41726  >  443 [ACK] Seq=2830 Ack=382375 Win=65535 Len=0"
"551","13.938517953","27.123.42.204","10.0.2.15","TLSv1.3","41002","Application Data, Application Data, Application Data, Application Data, Application Data, Application Data, Application Data, Application Data, Application Data, Application Data, Application Data, Application Data, Application Data, Application Data, Application Data, Application Data, Application Data, Application Data, Application Data, Application Data, Application Data, Application Data, Application Data, Application Data, Application Data, Application Data, Application Data, Application Data, Application Data, Application Data"
"552","13.938564805","10.0.2.15","27.123.42.204","TCP","54","41726  >  443 [ACK] Seq=2830 Ack=423323 Win=65535 Len=0"
"553","13.939550156","10.0.2.15","106.10.218.155","TLSv1.3","571","Client Hello (SNI=noa.yahoo.com)"
"554","13.941152928","106.10.218.155","10.0.2.15","TCP","60","443  >  36838 [ACK] Seq=1 Ack=518 Win=65535 Len=0"
"555","13.961459680","10.0.2.15","106.10.218.155","TLSv1.3","571","Client Hello (SNI=noa.yahoo.com)"
"556","13.962301125","106.10.218.155","10.0.2.15","TCP","60","443  >  36848 [ACK] Seq=1 Ack=518 Win=65535 Len=0"
"557","13.968326395","27.123.42.204","10.0.2.15","TLSv1.3","7114","Application Data, Application Data, Application Data, Application Data, Application Data, Application Data"
"558","13.968364031","10.0.2.15","27.123.42.204","TCP","54","41726  >  443 [ACK] Seq=2830 Ack=430383 Win=65535 Len=0"
"559","13.969489878","27.123.42.204","10.0.2.15","TLSv1.3","1466","Application Data"
"560","13.976998699","27.123.42.204","10.0.2.15","TLSv1.3","8526","Application Data, Application Data, Application Data, Application Data, Application Data, Application Data"
"561","13.977045153","10.0.2.15","27.123.42.204","TCP","54","41726  >  443 [ACK] Seq=2830 Ack=440267 Win=65535 Len=0"
"562","13.978396090","27.123.42.204","10.0.2.15","TLSv1.3","1466","Application Data"
"563","13.979990577","27.123.42.204","10.0.2.15","TLSv1.3","7114","Application Data, Application Data, Application Data, Application Data, Application Data, Application Data"
"564","13.980036999","10.0.2.15","27.123.42.204","TCP","54","41726  >  443 [ACK] Seq=2830 Ack=448739 Win=65535 Len=0"
"565","13.989330197","27.123.42.204","10.0.2.15","TLSv1.3","12762","Application Data, Application Data, Application Data, Application Data, Application Data, Application Data, Application Data, Application Data, Application Data"
"566","13.989398464","10.0.2.15","27.123.42.204","TCP","54","41726  >  443 [ACK] Seq=2830 Ack=461447 Win=65535 Len=0"
"567","13.994990256","27.123.42.204","10.0.2.15","TLSv1.3","18514","Application Data, Application Data, Application Data, Application Data, Application Data, Application Data, Application Data, Application Data, Application Data, Application Data, Application Data, Application Data, Application Data, Application Data"
"568","13.995048012","10.0.2.15","27.123.42.204","TCP","54","41726  >  443 [ACK] Seq=2830 Ack=479907 Win=65535 Len=0"
"569","13.995580802","27.123.42.204","10.0.2.15","TLSv1.3","4186","Application Data, Application Data, Application Data"
"570","13.995595691","10.0.2.15","27.123.42.204","TCP","54","41726  >  443 [ACK] Seq=2830 Ack=484039 Win=65535 Len=0"
"571","14.014185402","10.0.2.15","104.18.23.145","TLSv1.3","118","Change Cipher Spec, Application Data"
"572","14.014873831","10.0.2.15","104.18.23.145","TLSv1.3","224","Application Data"
"573","14.014986959","104.18.23.145","10.0.2.15","TCP","60","443  >  56812 [ACK] Seq=4065 Ack=582 Win=65535 Len=0"
"574","14.015060892","10.0.2.15","104.18.23.145","TLSv1.3","344","Application Data"
"575","14.016025939","104.18.23.145","10.0.2.15","TCP","60","443  >  56812 [ACK] Seq=4065 Ack=752 Win=65535 Len=0"
"576","14.016026257","104.18.23.145","10.0.2.15","TCP","60","443  >  56812 [ACK] Seq=4065 Ack=1042 Win=65535 Len=0"
"577","14.017923367","27.123.42.204","10.0.2.15","TLSv1.3","14254","Application Data, Application Data, Application Data, Application Data, Application Data, Application Data, Application Data, Application Data, Application Data, Application Data, Application Data"
"578","14.017950768","10.0.2.15","27.123.42.204","TCP","54","41726  >  443 [ACK] Seq=2830 Ack=498239 Win=65535 Len=0"
"579","14.018976583","27.123.42.204","10.0.2.15","TLSv1.3","1386","Application Data"
"580","14.020281994","27.123.42.204","10.0.2.15","TLSv1.3","14174","Application Data, Application Data, Application Data, Application Data, Application Data, Application Data, Application Data, Application Data, Application Data, Application Data, Application Data"
"581","14.020316990","10.0.2.15","27.123.42.204","TCP","54","41726  >  443 [ACK] Seq=2830 Ack=513691 Win=65535 Len=0"
"582","14.022775964","27.123.42.204","10.0.2.15","TLSv1.3","1466","Application Data"
"583","14.022776229","106.10.218.155","10.0.2.15","TLSv1.3","2894","Server Hello, Change Cipher Spec, Application Data"
"584","14.022824999","10.0.2.15","106.10.218.155","TCP","54","36838  >  443 [ACK] Seq=518 Ack=2841 Win=31240 Len=0"
"585","14.023269673","106.10.218.155","10.0.2.15","TLSv1.3","1374","Application Data, Application Data, Application Data"
"586","14.023429569","10.0.2.15","106.10.218.155","TCP","54","36838  >  443 [ACK] Seq=518 Ack=4161 Win=31240 Len=0"
"587","14.030498393","27.123.42.204","10.0.2.15","TLSv1.3","2978","Application Data, Application Data, Application Data, Application Data"
"588","14.030498689","106.10.218.155","10.0.2.15","TLSv1.3","2894","Server Hello, Change Cipher Spec, Application Data"
"589","14.030536251","10.0.2.15","27.123.42.204","TCP","54","41726  >  443 [ACK] Seq=2830 Ack=518027 Win=65535 Len=0"
"590","14.030592737","10.0.2.15","106.10.218.155","TCP","54","36848  >  443 [ACK] Seq=518 Ack=2841 Win=31240 Len=0"
"591","14.034727531","106.10.218.155","10.0.2.15","TLSv1.3","1373","Application Data, Application Data, Application Data"
"592","14.034757910","10.0.2.15","106.10.218.155","TCP","54","36848  >  443 [ACK] Seq=518 Ack=4160 Win=31240 Len=0"
"593","14.048880690","104.18.23.145","10.0.2.15","TLSv1.3","575","Application Data, Application Data"
"594","14.048909989","10.0.2.15","104.18.23.145","TCP","54","56812  >  443 [ACK] Seq=1042 Ack=4586 Win=31240 Len=0"
"595","14.077889624","104.18.23.145","10.0.2.15","TLSv1.3","292","Application Data"
"596","14.077927963","10.0.2.15","104.18.23.145","TCP","54","56812  >  443 [ACK] Seq=1042 Ack=4824 Win=31240 Len=0"
"597","14.080599883","104.18.23.145","10.0.2.15","TLSv1.3","1445","Application Data"
"598","14.080622120","10.0.2.15","104.18.23.145","TCP","54","56812  >  443 [ACK] Seq=1042 Ack=6215 Win=31240 Len=0"
"599","14.085105200","104.18.23.145","10.0.2.15","TLSv1.3","9994","Application Data, Application Data, Application Data, Application Data, Application Data, Application Data, Application Data"
"600","14.085144211","10.0.2.15","104.18.23.145","TCP","54","56812  >  443 [ACK] Seq=1042 Ack=16155 Win=31240 Len=0"
"601","14.089399754","104.18.23.145","10.0.2.15","TLSv1.3","11414","Application Data, Application Data, Application Data, Application Data, Application Data, Application Data, Application Data, Application Data"
"602","14.089433089","10.0.2.15","104.18.23.145","TCP","54","56812  >  443 [ACK] Seq=1042 Ack=27515 Win=31240 Len=0"
"603","14.091325088","104.18.23.145","10.0.2.15","TLSv1.3","10922","Application Data, Application Data, Application Data, Application Data, Application Data, Application Data, Application Data, Application Data, Application Data"
"604","14.091361278","10.0.2.15","104.18.23.145","TCP","54","56812  >  443 [ACK] Seq=1042 Ack=38383 Win=31240 Len=0"
"605","14.092724408","104.18.23.145","10.0.2.15","TLSv1.3","9791","Application Data, Application Data, Application Data, Application Data, Application Data, Application Data, Application Data"
"606","14.092751665","10.0.2.15","104.18.23.145","TCP","54","56812  >  443 [ACK] Seq=1042 Ack=48120 Win=31240 Len=0"
"607","14.103184801","104.18.23.145","10.0.2.15","TLSv1.3","6755","Application Data, Application Data, Application Data, Application Data, Application Data, Application Data"
"608","14.103212076","10.0.2.15","104.18.23.145","TCP","54","56812  >  443 [ACK] Seq=1042 Ack=54821 Win=31240 Len=0"
"609","14.142126778","10.0.2.15","104.18.23.145","TLSv1.3","85","Application Data"
"610","14.142824934","104.18.23.145","10.0.2.15","TCP","60","443  >  56812 [ACK] Seq=54821 Ack=1073 Win=65535 Len=0"
"611","14.171897031","10.0.2.15","192.168.1.1","DNS","90","Standard query 0xaccc A securepubads.g.doubleclick.net"
"612","14.172041401","10.0.2.15","192.168.1.1","DNS","90","Standard query 0xb6d0 AAAA securepubads.g.doubleclick.net"
"613","14.186598000","192.168.1.1","10.0.2.15","DNS","106","Standard query response 0xaccc A securepubads.g.doubleclick.net A 142.250.195.66"
"614","14.187734139","192.168.1.1","10.0.2.15","DNS","118","Standard query response 0xb6d0 AAAA securepubads.g.doubleclick.net AAAA 2404:6800:4007:82c::2002"
"615","14.196628062","10.0.2.15","106.10.218.155","TLSv1.3","118","Change Cipher Spec, Application Data"
"616","14.197320558","10.0.2.15","106.10.218.155","TLSv1.3","118","Change Cipher Spec, Application Data"
"617","14.197437516","106.10.218.155","10.0.2.15","TCP","60","443  >  36838 [ACK] Seq=4161 Ack=582 Win=65535 Len=0"
"618","14.199002065","106.10.218.155","10.0.2.15","TCP","60","443  >  36848 [ACK] Seq=4160 Ack=582 Win=65535 Len=0"
"619","14.206430803","10.0.2.15","142.250.195.66","TCP","74","41112  >  443 [SYN] Seq=0 Win=32120 Len=0 MSS=1460 SACK_PERM TSval=4006536952 TSecr=0 WS=128"
"620","14.206833870","10.0.2.15","106.10.218.155","TLSv1.3","224","Application Data"
"621","14.206948570","10.0.2.15","106.10.218.155","TLSv1.3","564","Application Data"
"622","14.207992890","106.10.218.155","10.0.2.15","TCP","60","443  >  36838 [ACK] Seq=4161 Ack=752 Win=65535 Len=0"
"623","14.207993253","106.10.218.155","10.0.2.15","TCP","60","443  >  36838 [ACK] Seq=4161 Ack=1262 Win=65535 Len=0"
"624","14.208197293","10.0.2.15","106.10.218.155","TLSv1.3","241","Application Data"
"625","14.208851943","106.10.218.155","10.0.2.15","TCP","60","443  >  36848 [ACK] Seq=4160 Ack=769 Win=65535 Len=0"
"626","14.224910093","10.0.2.15","106.10.218.155","TLSv1.3","85","Application Data"
"627","14.225939004","106.10.218.155","10.0.2.15","TCP","60","443  >  36838 [ACK] Seq=4161 Ack=1293 Win=65535 Len=0"
"628","14.228332209","10.0.2.15","106.10.218.155","TLSv1.3","354","Application Data"
"629","14.228653686","10.0.2.15","106.10.218.155","TLSv1.3","85","Application Data"
"630","14.229255152","106.10.218.155","10.0.2.15","TCP","60","443  >  36838 [ACK] Seq=4161 Ack=1593 Win=65535 Len=0"
"631","14.229255496","106.10.218.155","10.0.2.15","TCP","60","443  >  36838 [ACK] Seq=4161 Ack=1624 Win=65535 Len=0"
"632","14.231745976","142.250.195.66","10.0.2.15","TCP","60","443  >  41112 [SYN, ACK] Seq=0 Ack=1 Win=65535 Len=0 MSS=1460"
"633","14.231814923","10.0.2.15","142.250.195.66","TCP","54","41112  >  443 [ACK] Seq=1 Ack=1 Win=32120 Len=0"
"634","14.236737093","10.0.2.15","142.250.195.66","TLSv1.3","571","Client Hello (SNI=securepubads.g.doubleclick.net)"
"635","14.237534937","142.250.195.66","10.0.2.15","TCP","60","443  >  41112 [ACK] Seq=1 Ack=518 Win=65535 Len=0"
"636","14.251328792","106.10.218.155","10.0.2.15","TLSv1.3","341","Application Data"
"637","14.251372210","10.0.2.15","106.10.218.155","TCP","54","36838  >  443 [ACK] Seq=1624 Ack=4448 Win=31240 Len=0"
"638","14.252733926","106.10.218.155","10.0.2.15","TLSv1.3","384","Application Data, Application Data"
"639","14.252766648","10.0.2.15","106.10.218.155","TCP","54","36838  >  443 [ACK] Seq=1624 Ack=4778 Win=31240 Len=0"
"640","14.255718667","10.0.2.15","106.10.218.155","TLSv1.3","85","Application Data"
"641","14.255887545","106.10.218.155","10.0.2.15","TLSv1.3","671","Application Data, Application Data, Application Data"
"642","14.255905484","10.0.2.15","106.10.218.155","TCP","54","36848  >  443 [ACK] Seq=769 Ack=4777 Win=31240 Len=0"
"643","14.256196590","106.10.218.155","10.0.2.15","TCP","60","443  >  36838 [ACK] Seq=4778 Ack=1655 Win=65535 Len=0"
"644","14.262193070","106.10.218.155","10.0.2.15","TLSv1.3","85","Application Data"
"645","14.266594437","106.10.218.155","10.0.2.15","TLSv1.3","442","Application Data"
"646","14.269130588","106.10.218.155","10.0.2.15","TLSv1.3","78","Application Data"
"647","14.269130940","106.10.218.155","10.0.2.15","TCP","60","443  >  36848 [FIN, ACK] Seq=4801 Ack=769 Win=65535 Len=0"
"648","14.269152247","10.0.2.15","106.10.218.155","TCP","54","36848  >  443 [ACK] Seq=769 Ack=4801 Win=31240 Len=0"
"649","14.284339638","106.10.218.155","10.0.2.15","TLSv1.3","89","Application Data"
"650","14.286470607","106.10.218.155","10.0.2.15","TLSv1.3","172","Application Data"
"651","14.293305932","142.250.195.66","10.0.2.15","TLSv1.3","1466","Server Hello, Change Cipher Spec"
"652","14.293334339","10.0.2.15","142.250.195.66","TCP","54","41112  >  443 [ACK] Seq=518 Ack=1413 Win=31064 Len=0"
"653","14.296137582","142.250.195.66","10.0.2.15","TLSv1.3","2989","Application Data"
"654","14.296173190","10.0.2.15","142.250.195.66","TCP","54","41112  >  443 [ACK] Seq=518 Ack=4348 Win=31064 Len=0"
"655","14.306163447","10.0.2.15","106.10.218.155","TCP","54","36838  >  443 [ACK] Seq=1655 Ack=5350 Win=31240 Len=0"
"656","14.310016090","10.0.2.15","106.10.218.155","TCP","54","36848  >  443 [ACK] Seq=769 Ack=4802 Win=31240 Len=0"
"657","14.390541197","10.0.2.15","106.10.218.155","TLSv1.3","78","Application Data"
"658","14.391551907","106.10.218.155","10.0.2.15","TCP","60","443  >  36848 [ACK] Seq=4802 Ack=793 Win=65535 Len=0"
"659","14.452292209","106.10.218.155","10.0.2.15","TCP","60","443  >  36848 [RST, ACK] Seq=4802 Ack=793 Win=65535 Len=0"
"660","14.491405635","10.0.2.15","142.250.195.66","TLSv1.3","118","Change Cipher Spec, Application Data"
"661","14.492228114","142.250.195.66","10.0.2.15","TCP","60","443  >  41112 [ACK] Seq=4348 Ack=582 Win=65535 Len=0"
"662","14.494569969","10.0.2.15","142.250.195.66","TLSv1.3","224","Application Data"
"663","14.494753201","10.0.2.15","142.250.195.66","TLSv1.3","346","Application Data"
"664","14.495360561","142.250.195.66","10.0.2.15","TCP","60","443  >  41112 [ACK] Seq=4348 Ack=752 Win=65535 Len=0"
"665","14.496416084","142.250.195.66","10.0.2.15","TCP","60","443  >  41112 [ACK] Seq=4348 Ack=1044 Win=65535 Len=0"
"666","14.519644668","142.250.195.66","10.0.2.15","TLSv1.3","668","Application Data, Application Data"
"667","14.519670548","10.0.2.15","142.250.195.66","TCP","54","41112  >  443 [ACK] Seq=1044 Ack=4962 Win=31064 Len=0"
"668","14.530281982","142.250.195.66","10.0.2.15","TLSv1.3","85","Application Data"
"669","14.530305824","10.0.2.15","142.250.195.66","TCP","54","41112  >  443 [ACK] Seq=1044 Ack=4993 Win=31064 Len=0"
"670","14.551774964","10.0.2.15","142.250.195.66","TLSv1.3","85","Application Data"
"671","14.553146874","142.250.195.66","10.0.2.15","TCP","60","443  >  41112 [ACK] Seq=4993 Ack=1075 Win=65535 Len=0"
"672","14.571713751","142.250.195.66","10.0.2.15","TLSv1.3","3387","Application Data, Application Data, Application Data"
"673","14.571714013","142.250.195.66","10.0.2.15","TLSv1.3","2878","Application Data, Application Data"
"674","14.571714082","142.250.195.66","10.0.2.15","TLSv1.3","1474","Application Data"
"675","14.571752033","10.0.2.15","142.250.195.66","TCP","54","41112  >  443 [ACK] Seq=1075 Ack=8326 Win=31064 Len=0"
"676","14.574320110","10.0.2.15","142.250.195.66","TCP","54","41112  >  443 [ACK] Seq=1075 Ack=11150 Win=31064 Len=0"
"677","14.576579377","142.250.195.66","10.0.2.15","TLSv1.3","8387","Application Data, Application Data, Application Data, Application Data, Application Data, Application Data"
"678","14.576579680","142.250.195.66","10.0.2.15","TLSv1.3","1474","Application Data"
"679","14.576620668","10.0.2.15","142.250.195.66","TCP","54","41112  >  443 [ACK] Seq=1075 Ack=20903 Win=31064 Len=0"
"680","14.578325706","142.250.195.66","10.0.2.15","TLSv1.3","9930","Application Data, Application Data, Application Data, Application Data, Application Data, Application Data, Application Data"
"681","14.578364738","10.0.2.15","142.250.195.66","TCP","54","41112  >  443 [ACK] Seq=1075 Ack=32199 Win=31064 Len=0"
"682","14.579043227","142.250.195.66","10.0.2.15","TLSv1.3","1474","Application Data"
"683","14.580028993","142.250.195.66","10.0.2.15","TLSv1.3","1458","Application Data"
"684","14.580046687","10.0.2.15","142.250.195.66","TCP","54","41112  >  443 [ACK] Seq=1075 Ack=35023 Win=31064 Len=0"
"685","14.597836343","142.250.195.66","10.0.2.15","TLSv1.3","1466","Application Data"
"686","14.600169445","142.250.195.66","10.0.2.15","TLSv1.3","1311","Application Data, Application Data, Application Data, Application Data"
"687","14.600233910","10.0.2.15","142.250.195.66","TCP","54","41112  >  443 [ACK] Seq=1075 Ack=37692 Win=31064 Len=0"
"688","14.614358075","10.0.2.15","142.250.195.66","TLSv1.3","93","Application Data"
"689","14.615355835","142.250.195.66","10.0.2.15","TCP","60","443  >  41112 [ACK] Seq=37692 Ack=1114 Win=65535 Len=0"
"690","14.625000205","10.0.2.15","142.250.195.66","TLSv1.3","93","Application Data"
"691","14.625264695","10.0.2.15","142.250.195.66","QUIC","1399","0-RTT, DCID=038d2e47bc71988b438ecc4f7c2b, SCID=dada1d"
"692","14.625887481","142.250.195.66","10.0.2.15","TCP","60","443  >  41096 [ACK] Seq=4991 Ack=822 Win=65535 Len=0"
"693","14.644620554","10.0.2.15","142.250.195.66","TLSv1.3","78","Application Data"
"694","14.644742833","10.0.2.15","142.250.195.66","TCP","54","41096  >  443 [FIN, ACK] Seq=846 Ack=4991 Win=31064 Len=0"
"695","14.645450831","142.250.195.66","10.0.2.15","TCP","60","443  >  41096 [ACK] Seq=4991 Ack=846 Win=65535 Len=0"
"696","14.645451059","142.250.195.66","10.0.2.15","TCP","60","443  >  41096 [ACK] Seq=4991 Ack=847 Win=65535 Len=0"
"697","14.670204386","142.250.195.66","10.0.2.15","TCP","60","443  >  41096 [FIN, ACK] Seq=4991 Ack=847 Win=65535 Len=0"
"698","14.670232687","10.0.2.15","142.250.195.66","TCP","54","41096  >  443 [ACK] Seq=847 Ack=4992 Win=31064 Len=0"
"699","14.678604939","142.250.195.66","10.0.2.15","QUIC","1399","Initial, DCID=dada1d, SCID=e38d2e47bc71988b, PKN: 1, ACK, PADDING"
"700","14.687354700","142.250.195.66","10.0.2.15","QUIC","1399","Handshake, DCID=dada1d, SCID=e38d2e47bc71988b"
"701","14.688712602","142.250.195.66","10.0.2.15","QUIC","657","Protected Payload (KP0), DCID=dada1d"
"702","14.690050013","142.250.195.66","10.0.2.15","QUIC","69","Protected Payload (KP0), DCID=dada1d"
"703","14.696275362","10.0.2.15","142.250.195.66","QUIC","155","Protected Payload (KP0), DCID=e38d2e47bc71988b"
"704","14.725931551","142.250.195.66","10.0.2.15","QUIC","165","Protected Payload (KP0), DCID=dada1d"
"705","14.748288295","10.0.2.15","142.250.195.66","QUIC","74","Protected Payload (KP0), DCID=e38d2e47bc71988b"
"706","14.855250204","10.0.2.15","207.65.33.79","TLSv1.2","93","Application Data"
"707","14.856102469","207.65.33.79","10.0.2.15","TCP","60","443  >  43832 [ACK] Seq=1 Ack=40 Win=65535 Len=0"
"708","14.868146787","10.0.2.15","207.65.33.79","TLSv1.2","78","Application Data"
"709","14.868743630","10.0.2.15","207.65.33.79","TCP","54","43832  >  443 [FIN, ACK] Seq=64 Ack=1 Win=31240 Len=0"
"710","14.869304971","207.65.33.79","10.0.2.15","TCP","60","443  >  43832 [ACK] Seq=1 Ack=64 Win=65535 Len=0"
"711","14.869305336","207.65.33.79","10.0.2.15","TCP","60","443  >  43832 [ACK] Seq=1 Ack=65 Win=65535 Len=0"
"712","14.933740605","207.65.33.79","10.0.2.15","TLSv1.2","93","Application Data"
"713","14.933741041","207.65.33.79","10.0.2.15","TCP","60","443  >  43832 [FIN, ACK] Seq=40 Ack=65 Win=65535 Len=0"
"714","14.933767692","10.0.2.15","207.65.33.79","TCP","54","43832  >  443 [RST] Seq=65 Win=0 Len=0"
"715","14.933820642","10.0.2.15","207.65.33.79","TCP","54","43832  >  443 [RST] Seq=65 Win=0 Len=0"
"716","14.934082603","207.65.33.79","10.0.2.15","TCP","60","443  >  43832 [RST, ACK] Seq=3918129865 Ack=65 Win=0 Len=0"
"717","14.961827431","10.0.2.15","192.168.1.1","DNS","70","Standard query 0x1873 A i.clean.gg"
"718","14.962022129","10.0.2.15","192.168.1.1","DNS","70","Standard query 0x1b7d AAAA i.clean.gg"
"719","14.972505115","192.168.1.1","10.0.2.15","DNS","226","Standard query response 0x1873 A i.clean.gg A 34.95.69.49 NS ns-1309.awsdns-35.org NS ns-146.awsdns-18.com NS ns-1787.awsdns-31.co.uk NS ns-887.awsdns-46.net"
"720","14.984820520","192.168.1.1","10.0.2.15","DNS","157","Standard query response 0x1b7d AAAA i.clean.gg SOA ns-1787.awsdns-31.co.uk"
"721","14.998855395","10.0.2.15","192.168.1.1","DNS","70","Standard query 0x78b1 A i.clean.gg"
"722","14.999286068","10.0.2.15","192.168.1.1","DNS","70","Standard query 0xfdb9 AAAA i.clean.gg"
"723","15.001892191","10.0.2.15","34.95.69.49","TCP","74","59260  >  443 [SYN] Seq=0 Win=32120 Len=0 MSS=1460 SACK_PERM TSval=4124965979 TSecr=0 WS=128"
"724","15.008945285","192.168.1.1","10.0.2.15","DNS","226","Standard query response 0x78b1 A i.clean.gg A 34.95.69.49 NS ns-1309.awsdns-35.org NS ns-146.awsdns-18.com NS ns-1787.awsdns-31.co.uk NS ns-887.awsdns-46.net"
"725","15.020418995","192.168.1.1","10.0.2.15","DNS","157","Standard query response 0xfdb9 AAAA i.clean.gg SOA ns-1787.awsdns-31.co.uk"
"726","15.026339177","10.0.2.15","34.95.69.49","TCP","74","59268  >  443 [SYN] Seq=0 Win=32120 Len=0 MSS=1460 SACK_PERM TSval=4124966003 TSecr=0 WS=128"
"727","15.031498636","34.95.69.49","10.0.2.15","TCP","60","443  >  59260 [SYN, ACK] Seq=0 Ack=1 Win=65535 Len=0 MSS=1460"
"728","15.031555283","10.0.2.15","34.95.69.49","TCP","54","59260  >  443 [ACK] Seq=1 Ack=1 Win=32120 Len=0"
"729","15.055626220","34.95.69.49","10.0.2.15","TCP","60","443  >  59268 [SYN, ACK] Seq=0 Ack=1 Win=65535 Len=0 MSS=1460"
"730","15.055660053","10.0.2.15","34.95.69.49","TCP","54","59268  >  443 [ACK] Seq=1 Ack=1 Win=32120 Len=0"
"731","15.056222293","10.0.2.15","34.95.69.49","TLSv1.3","571","Client Hello (SNI=i.clean.gg)"
"732","15.057779699","34.95.69.49","10.0.2.15","TCP","60","443  >  59260 [ACK] Seq=1 Ack=518 Win=65535 Len=0"
"733","15.088451066","10.0.2.15","34.95.69.49","TLSv1.3","571","Client Hello (SNI=i.clean.gg)"
"734","15.089411790","34.95.69.49","10.0.2.15","TCP","60","443  >  59268 [ACK] Seq=1 Ack=518 Win=65535 Len=0"
"735","15.091386432","34.95.69.49","10.0.2.15","TLSv1.3","2894","Server Hello, Change Cipher Spec"
"736","15.091427415","10.0.2.15","34.95.69.49","TCP","54","59260  >  443 [ACK] Seq=518 Ack=2841 Win=31240 Len=0"
"737","15.091823637","34.95.69.49","10.0.2.15","TLSv1.3","1884","Application Data"
"738","15.091836983","10.0.2.15","34.95.69.49","TCP","54","59260  >  443 [ACK] Seq=518 Ack=4671 Win=31240 Len=0"
"739","15.122717585","34.95.69.49","10.0.2.15","TLSv1.3","2894","Server Hello, Change Cipher Spec"
"740","15.122751918","10.0.2.15","34.95.69.49","TCP","54","59268  >  443 [ACK] Seq=518 Ack=2841 Win=31240 Len=0"
"741","15.123017484","34.95.69.49","10.0.2.15","TLSv1.3","1884","Application Data"
"742","15.123030813","10.0.2.15","34.95.69.49","TCP","54","59268  >  443 [ACK] Seq=518 Ack=4671 Win=31240 Len=0"
"743","15.256754524","10.0.2.15","34.95.69.49","TLSv1.3","118","Change Cipher Spec, Application Data"
"744","15.257640760","34.95.69.49","10.0.2.15","TCP","60","443  >  59260 [ACK] Seq=4671 Ack=582 Win=65535 Len=0"
"745","15.261478166","10.0.2.15","34.95.69.49","TLSv1.3","224","Application Data"
"746","15.262369102","34.95.69.49","10.0.2.15","TCP","60","443  >  59260 [ACK] Seq=4671 Ack=752 Win=65535 Len=0"
"747","15.266141177","10.0.2.15","34.95.69.49","TLSv1.3","416","Application Data"
"748","15.267224989","34.95.69.49","10.0.2.15","TCP","60","443  >  59260 [ACK] Seq=4671 Ack=1114 Win=65535 Len=0"
"749","15.278115432","10.0.2.15","34.95.69.49","TLSv1.3","118","Change Cipher Spec, Application Data"
"750","15.278833365","34.95.69.49","10.0.2.15","TCP","60","443  >  59268 [ACK] Seq=4671 Ack=582 Win=65535 Len=0"
"751","15.285204798","34.95.69.49","10.0.2.15","TLSv1.3","640","Application Data, Application Data"
"752","15.285227100","10.0.2.15","34.95.69.49","TCP","54","59260  >  443 [ACK] Seq=1114 Ack=5257 Win=31240 Len=0"
"753","15.289877646","34.95.69.49","10.0.2.15","TLSv1.3","85","Application Data"
"754","15.289906445","10.0.2.15","34.95.69.49","TCP","54","59260  >  443 [ACK] Seq=1114 Ack=5288 Win=31240 Len=0"
"755","15.305739705","34.95.69.49","10.0.2.15","TLSv1.3","640","Application Data, Application Data"
"756","15.305762884","10.0.2.15","34.95.69.49","TCP","54","59268  >  443 [ACK] Seq=582 Ack=5257 Win=31240 Len=0"
"757","15.310348593","10.0.2.15","34.95.69.49","TLSv1.3","85","Application Data"
"758","15.311044415","34.95.69.49","10.0.2.15","TCP","60","443  >  59260 [ACK] Seq=5288 Ack=1145 Win=65535 Len=0"
"759","15.343047674","10.0.2.15","34.95.69.49","TLSv1.3","241","Application Data"
"760","15.343847711","34.95.69.49","10.0.2.15","TCP","60","443  >  59268 [ACK] Seq=5257 Ack=769 Win=65535 Len=0"
"761","15.354773268","10.0.2.15","34.95.69.49","TLSv1.3","78","Application Data"
"762","15.354947973","10.0.2.15","34.95.69.49","TCP","54","59268  >  443 [FIN, ACK] Seq=793 Ack=5257 Win=31240 Len=0"
"763","15.355662646","34.95.69.49","10.0.2.15","TCP","60","443  >  59268 [ACK] Seq=5257 Ack=793 Win=65535 Len=0"
"764","15.355663206","34.95.69.49","10.0.2.15","TCP","60","443  >  59268 [ACK] Seq=5257 Ack=794 Win=65535 Len=0"
"765","15.369980619","34.95.69.49","10.0.2.15","TLSv1.3","85","Application Data"
"766","15.370011911","10.0.2.15","34.95.69.49","TCP","54","59268  >  443 [RST] Seq=794 Win=0 Len=0"
"767","15.556235995","34.95.69.49","10.0.2.15","TLSv1.3","387","Application Data"
"768","15.573477443","10.0.2.15","34.95.69.49","TLSv1.3","93","Application Data"
"769","15.574361597","34.95.69.49","10.0.2.15","TCP","60","443  >  59260 [ACK] Seq=5621 Ack=1184 Win=65535 Len=0"
"770","15.575767326","10.0.2.15","34.95.69.49","TLSv1.3","141","Application Data"
"771","15.575958383","10.0.2.15","34.95.69.49","TLSv1.3","575","Application Data"
"772","15.577213538","34.95.69.49","10.0.2.15","TCP","60","443  >  59260 [ACK] Seq=5621 Ack=1271 Win=65535 Len=0"
"773","15.577213894","34.95.69.49","10.0.2.15","TCP","60","443  >  59260 [ACK] Seq=5621 Ack=1792 Win=65535 Len=0"
"774","15.649406675","10.0.2.15","34.95.69.49","QUIC","1399","Initial, DCID=a17ac2e8b6799d4d, SCID=d5008c, PKN: 0, CRYPTO"
"775","15.700666485","34.95.69.49","10.0.2.15","QUIC","1399","Initial, DCID=d5008c, SCID=e17ac2e8b6799d4d, PKN: 1, ACK, PADDING"
"776","15.707970930","34.95.69.49","10.0.2.15","QUIC","1399","Handshake, DCID=d5008c, SCID=e17ac2e8b6799d4d"
"777","15.762637183","10.0.2.15","34.95.69.49","QUIC","197","Protected Payload (KP0), DCID=e17ac2e8b6799d4d"
"778","15.787089683","34.95.69.49","10.0.2.15","QUIC","547","Protected Payload (KP0), DCID=d5008c"
"779","15.788619135","34.95.69.49","10.0.2.15","QUIC","165","Protected Payload (KP0), DCID=d5008c"
"780","15.792571117","10.0.2.15","34.95.69.49","QUIC","73","Protected Payload (KP0), DCID=e17ac2e8b6799d4d"
"781","15.811929823","34.95.69.49","10.0.2.15","QUIC","69","Protected Payload (KP0), DCID=d5008c"
"782","15.862256932","10.0.2.15","27.123.42.204","TLSv1.3","157","Application Data"
"783","15.863004473","27.123.42.204","10.0.2.15","TCP","60","443  >  41726 [ACK] Seq=518027 Ack=2933 Win=65535 Len=0"
"784","15.879032380","34.95.69.49","10.0.2.15","TLSv1.3","197","Application Data"
"785","15.886097158","10.0.2.15","34.95.69.49","TLSv1.3","93","Application Data"
"786","15.887032196","34.95.69.49","10.0.2.15","TCP","60","443  >  59260 [ACK] Seq=5764 Ack=1831 Win=65535 Len=0"
"787","15.901496497","27.123.42.204","10.0.2.15","TLSv1.3","6754","Application Data, Application Data, Application Data, Application Data, Application Data"
"788","15.901547657","10.0.2.15","27.123.42.204","TCP","54","41726  >  443 [ACK] Seq=2933 Ack=524727 Win=65535 Len=0"
"789","15.904167437","27.123.42.204","10.0.2.15","TLSv1.3","4453","Application Data, Application Data, Application Data, Application Data"
"790","15.904196929","10.0.2.15","27.123.42.204","TCP","54","41726  >  443 [ACK] Seq=2933 Ack=529126 Win=65535 Len=0"
